Région,Latitude,Longitude,Libellé affiché,url_Tweeter,n_dep,Département,,n_circo,type,,,TWITTER,FACEBOOK,INSTAGRAM,TIKTOK,TWITCH,YOUTUBE,url_GA
Auvergne-Rhône-Alpes,,,région Auvergne-Rhône-Alpes ,,,,,1,région,,,@,@,,@,@,@,
Auvergne-Rhône-Alpes,,,,,1,Ain,,1-1,1ère circonscription,,,@,@,,@,@,@,
Auvergne-Rhône-Alpes,,,,,1,Ain,,1-2,2e circonscription,,,@,@,,@,@,@,
Pays de Gex,46.28172,6.01062,LFI UP Pays de Gex,https://twitter.com/LfiUpPaysDeGex,1,Ain,,1,région,,,@LfiUpPaysDeGex,@,,@,@,@,
Auvergne-Rhône-Alpes,,,,,1,Ain,,1-3,3e circonscription,,,@,@,,@,@,@,
Auvergne-Rhône-Alpes,,,,,1,Ain,,1-4,4e circonscription,,,@,@,,@,@,@,
Auvergne-Rhône-Alpes,46.26006,5.65931,Oyonnax,,1,Ain,,1,ville,,,@,@,unionpopulaire_oyonnax,@,@,@,
Auvergne-Rhône-Alpes,,,,,1,Ain,,1-5,5e circonscription,,,@,@,,@,@,@,
Auvergne-Rhône-Alpes,,,,,3,Allier,,3-1,1ère circonscription,,,@,@,,@,@,@,
Auvergne-Rhône-Alpes,,,,,3,Allier,,3-2,2e circonscription,,,@,@,,@,@,@,
Auvergne-Rhône-Alpes,,,,,3,Allier,,3-3,3e circonscription,,,@,@,,@,@,@,
Auvergne-Rhône-Alpes,,,,,7,Ardèche,,7-1,1ère circonscription,,,@,@,,@,@,@,
Auvergne-Rhône-Alpes,,,,,7,Ardèche,,7-2,2e circonscription,,,@,@,,@,@,@,
Auvergne-Rhône-Alpes,,,,,7,Ardèche,,7-3,3e circonscription,,,@,@,,@,@,@,
Auvergne-Rhône-Alpes,,,,,15,Cantal,,15-1,1ère circonscription,,,@,@,,@,@,@,
Auvergne-Rhône-Alpes,,,,,15,Cantal,,15-2,2e circonscription,,,@,@,,@,@,@,
Auvergne-Rhône-Alpes,,,,,26,Drôme,,26-1,1ère circonscription,,,@,@,,@,@,@,
Auvergne-Rhône-Alpes,,,,,26,Drôme,,26-2,2e circonscription,,,@,@,,@,@,@,
Auvergne-Rhône-Alpes,,,,,26,Drôme,,26-3,3e circonscription,,,@,@,,@,@,@,
Auvergne-Rhône-Alpes,,,,,26,Drôme,,26-4,4e circonscription,,,@,@,,@,@,@,
Auvergne-Rhône-Alpes,45.18890,5.73231,Grenoble,,38,Isère,,38,ville,,,@,@,unionpopulaire_grenoble,@,@,@,
Auvergne-Rhône-Alpes,45.16176,5.73471,Grenoble sud,,38,Isère,,38,,,,@,@,union.populaire.gre.sud,@,@,@,
Auvergne-Rhône-Alpes,,,,,38,Isère,,38-1,1ère circonscription,,,@,@,,@,@,@,
Auvergne-Rhône-Alpes,,,,,38,Isère,,38-2,2e circonscription,,,@,@,,@,@,@,
Auvergne-Rhône-Alpes,,,,,38,Isère,,38-3,3e circonscription,,,@,@,,@,@,@,
Auvergne-Rhône-Alpes,,,,,38,Isère,,38-4,4e circonscription,,,@,@,,@,@,@,
Auvergne-Rhône-Alpes,,,,,38,Isère,,38-5,5e circonscription,,,@,@,,@,@,@,
Auvergne-Rhône-Alpes,,,,,38,Isère,,38-6,6e circonscription,,,@,@,,@,@,@,
Auvergne-Rhône-Alpes,,,,,38,Isère,,38-7,7e circonscription,,,@,@,,@,@,@,
Auvergne-Rhône-Alpes,,,,,38,Isère,,38-8,8e circonscription,,,@,@,,@,@,@,
Auvergne-Rhône-Alpes,,,,,38,Isère,,38-9,9e circonscription,,,@,@,,@,@,@,
Auvergne-Rhône-Alpes,,,,,38,Isère,,38-10,10e circonscription,,,@,@,,@,@,@,
Auvergne-Rhône-Alpes,45.43567,4.37585,Jeunes insoumis.e.s St-Etienne,,42,Loire,,42,jeunes,,,@,@,jisaintetienne,@,@,@,
Auvergne-Rhône-Alpes,,,,,42,Loire,,42-1,1ère circonscription,,,@,@,,@,@,@,
Auvergne-Rhône-Alpes,,,,,42,Loire,,42-2,2e circonscription,,,@,@,,@,@,@,
Auvergne-Rhône-Alpes,,,,,42,Loire,,42-3,3e circonscription,,,@,@,,@,@,@,
Auvergne-Rhône-Alpes,,,,,42,Loire,,42-4,4e circonscription,,,@,@,,@,@,@,
Auvergne-Rhône-Alpes,,,,,42,Loire,,42-5,5e circonscription,,,@,@,,@,@,@,
Auvergne-Rhône-Alpes,,,,,42,Loire,,42-6,6e circonscription,,,@,@,,@,@,@,
Auvergne-Rhône-Alpes,,,,,43,Haute-Loire,,43-1,1ère circonscription,,,@,@,,@,@,@,
Auvergne-Rhône-Alpes,,,,,43,Haute-Loire,,43-2,2e circonscription,,,@,@,,@,@,@,
Auvergne-Rhône-Alpes,45.7783,3.0867,Clermont-Ferrand,https://twitter.com/GInsoumiseClfd,63,Puy-de-Dôme,,63,ville,,,@GinsoumiseClfd,@,,@,@,@,
Auvergne-Rhône-Alpes,45.77361,3.08711,Clermont-Fd avec Mélenchon,https://twitter.com/clermontavecjlm,63,Puy-de-Dôme,,63,,,,@clermontavecjlm,@,,@,@,@,
Auvergne-Rhône-Alpes,45.78608,3.09928,Jeunes insoumis·es Clermont-Ferrand,https://twitter.com/JFIClermontFd,63,Puy-de-Dôme,,63,jeunes,,,@JFIClermontFd,@,,@,@,@,
Auvergne-Rhône-Alpes,45.79715,3.16820,Ensemble pour l'Union Populaire 63,https://twitter.com/EnsembleUnPop63,63,Puy-de-Dôme,,63-1,1ère circonscription,,,@EnsembleUnPop63,@,,@,@,@,
Auvergne-Rhône-Alpes,,,,,63,Puy-de-Dôme,,63-2,2e circonscription,,,@,@,,@,@,@,
Auvergne-Rhône-Alpes,,,,,63,Puy-de-Dôme,,63-3,3e circonscription,,,@,@,,@,@,@,
Auvergne-Rhône-Alpes,,,,,63,Puy-de-Dôme,,63-4,4e circonscription,,,@,@,,@,@,@,
Auvergne-Rhône-Alpes,,,,,63,Puy-de-Dôme,,63-5,5e circonscription,,,@,@,,@,@,@,
Auvergne-Rhône-Alpes,45.73985,4.85773,Union Populaire Lyon,https://twitter.com/UnionPopLyon,69,Rhône,,69,,,,@UnionPopLyon,@,unionpopulairelyon,@,@,@,
Auvergne-Rhône-Alpes,,,,,69,Rhône,,69-1,1ère circonscription,,,@,@,,@,@,@,
Auvergne-Rhône-Alpes,45.72595,4.82466,Lyon,https://twitter.com/LFiLyon,69,Rhône,,69,ville,,,@LfiLyon,@,lfilyon69,@,@,@,
Auvergne-Rhône-Alpes,,,,,69,Rhône,,69-2,2e circonscription,,,@,@,,@,@,@,
Auvergne-Rhône-Alpes,,,,,69,Rhône,,69-3,3e circonscription,,,@,@,,@,@,@,
Auvergne-Rhône-Alpes,,,,,69,Rhône,,69-4,4e circonscription,,,@,@,,@,@,@,
Auvergne-Rhône-Alpes,,,,,69,Rhône,,69-5,5e circonscription,,,@,@,,@,@,@,
Auvergne-Rhône-Alpes,,,,,69,Rhône,,69-6,6e circonscription,,,@,@,,@,@,@,
Auvergne-Rhône-Alpes,45.77591,4.88839,Villeurbanne,https://twitter.com/UP_Villeurbanne,69,Rhône,,69,ville,,,@UP_Villeurbanne,@,,@,@,@,
Auvergne-Rhône-Alpes,,,,,69,Rhône,,69-7,7e circonscription,,,@,@,,@,@,@,
Auvergne-Rhône-Alpes,,,,,69,Rhône,,69-8,8e circonscription,,,@,@,,@,@,@,
Auvergne-Rhône-Alpes,45.98244,4.71263,Villefranche-sur-Saône,https://twitter.com/UnionpopVille69,69,Rhône,,69,ville,,,@UnionpopVille69,@unionpopulairevillefranchebeaujolais,,@,@,@,
Auvergne-Rhône-Alpes,,,,,69,Rhône,,69-9,9e circonscription,,,@,@,,@,@,@,
Auvergne-Rhône-Alpes,,,,,69,Rhône,,69-10,10e circonscription,,,@,@,,@,@,@,
Auvergne-Rhône-Alpes,,,,,69,Rhône,,69-11,11e circonscription,,,@,@,,@,@,@,
Auvergne-Rhône-Alpes,,,,,69,Rhône,,69-12,12e circonscription,,,@,@,,@,@,@,
Auvergne-Rhône-Alpes,,,,,69,Rhône,,69-13,13e circonscription,,,@,@,,@,@,@,
Auvergne-Rhône-Alpes,,,,,69,Rhône,,69-14,14e circonscription,,,@,@,,@,@,@,
Auvergne-Rhône-Alpes,,,,,69,Métropôle de Lyon,,69M-1,1ère circonscription,,,@,@,,@,@,@,
Auvergne-Rhône-Alpes,,,,,69,Métropôle de Lyon,,69M-2,2e circonscription,,,@,@,,@,@,@,
Auvergne-Rhône-Alpes,,,,,69,Métropôle de Lyon,,69M-3,3e circonscription,,,@,@,,@,@,@,
Auvergne-Rhône-Alpes,,,,,69,Métropôle de Lyon,,69M-4,4e circonscription,,,@,@,,@,@,@,
Auvergne-Rhône-Alpes,,,,,69,Métropôle de Lyon,,69M-5,5e circonscription,,,@,@,,@,@,@,
Auvergne-Rhône-Alpes,,,,,69,Métropôle de Lyon,,69M-6,6e circonscription,,,@,@,,@,@,@,
Auvergne-Rhône-Alpes,,,,,69,Métropôle de Lyon,,69M-7,7e circonscription,,,@,@,,@,@,@,
Auvergne-Rhône-Alpes,,,,,69,Métropôle de Lyon,,69M-8,8e circonscription,,,@,@,,@,@,@,
Auvergne-Rhône-Alpes,,,,,69,Métropôle de Lyon,,69M-9,9e circonscription,,,@,@,,@,@,@,
Auvergne-Rhône-Alpes,,,,,69,Métropôle de Lyon,,69M-10,10e circonscription,,,@,@,,@,@,@,
Auvergne-Rhône-Alpes,,,,,69,Métropôle de Lyon,,69M-11,11e circonscription,,,@,@,,@,@,@,
Auvergne-Rhône-Alpes,,,,,69,Métropôle de Lyon,,69M-12,12e circonscription,,,@,@,,@,@,@,
Auvergne-Rhône-Alpes,,,,,69,Métropôle de Lyon,,69M-13,13e circonscription,,,@,@,,@,@,@,
Auvergne-Rhône-Alpes,,,,,69,Métropôle de Lyon,,69M-14,14e circonscription,,,@,@,,@,@,@,
Auvergne-Rhône-Alpes,,,,,73,Savoie,,73-1,1ère circonscription,,,@,@,,@,@,@,
Auvergne-Rhône-Alpes,,,,,73,Savoie,,73-2,2e circonscription,,,@,@,,@,@,@,
Auvergne-Rhône-Alpes,,,,,73,Savoie,,73-3,3e circonscription,,,@,@,,@,@,@,
Auvergne-Rhône-Alpes,,,,,73,Savoie,,73-4,4e circonscription,,,@,@,,@,@,@,
Auvergne-Rhône-Alpes,46.07664,6.55654,Union Populaire Haute-Savoie,,74,Haute-Savoie,,74,département,,,@,@,unionpopulaire74,,,,
Auvergne-Rhône-Alpes,,,,,74,Haute-Savoie,,74-1,1ère circonscription,,,@,@,,@,@,@,
Auvergne-Rhône-Alpes,,,,,74,Haute-Savoie,,74-2,2e circonscription,,,@,@,,@,@,@,
Auvergne-Rhône-Alpes,,,,,74,Haute-Savoie,,74-3,3e circonscription,,,@,@,,@,@,@,
Auvergne-Rhône-Alpes,46.10783,5.96550,Union Populaire de Haute-Savoie 4e,,74,Haute-Savoie,,74-4,4e circonscription,,,@,@,unionpop74.4,@,@,@,
Auvergne-Rhône-Alpes,,,,,74,Haute-Savoie,,74-5,5e circonscription,,,@,@,,@,@,@,
Auvergne-Rhône-Alpes,,,,,74,Haute-Savoie,,74-6,6e circonscription,,,@,@,,@,@,@,
Bourgogne-Franche-Comté,,,région Bourgogne-Franche-Comté ,,21,Côte-d'Or,,21,région,,,@,@,,@,@,,
Bourgogne-Franche-Comté,,,,,21,Côte-d'Or,,21-1,1ère circonscription,,,@,@,,@,@,@,
Bourgogne-Franche-Comté,,,,,21,Côte-d'Or,,21-2,2e circonscription,,,@,@,,@,@,@,
Bourgogne-Franche-Comté,,,,,21,Côte-d'Or,,21-3,3e circonscription,,,@,@,,@,@,@,
Bourgogne-Franche-Comté,,,,,21,Côte-d'Or,,21-4,4e circonscription,,,@,@,,@,@,@,
Bourgogne-Franche-Comté,,,,,21,Côte-d'Or,,21-5,5e circonscription,,,@,@,,@,@,@,
Bourgogne-Franche-Comté,,,,,25,Doubs,,25-1,1ère circonscription,,,@,@,,@,@,@,
Bourgogne-Franche-Comté,,,,,25,Doubs,,25-2,2e circonscription,,,@,@,,@,@,@,
Bourgogne-Franche-Comté,,,,,25,Doubs,,25-3,3e circonscription,,,@,@,,@,@,@,
Bourgogne-Franche-Comté,,,,,25,Doubs,,25-4,4e circonscription,,,@,@,,@,@,@,
Bourgogne-Franche-Comté,,,,,25,Doubs,,25-5,5e circonscription,,,@,@,,@,@,@,
Bourgogne-Franche-Comté,,,,,39,Jura,,39-1,1ère circonscription,,,@,@,,@,@,@,
Bourgogne-Franche-Comté,,,,,39,Jura,,39-2,2e circonscription,,,@,@,,@,@,@,
Bourgogne-Franche-Comté,,,,,39,Jura,,39-3,3e circonscription,,,@,@,,@,@,@,
Bourgogne-Franche-Comté,46.99108,3.15375,Les Jeunes Insoumis•es Nevers,,58,Nièvre,,58,jeunes,,,@,@,jfi_nevers,@,@,@,
Bourgogne-Franche-Comté,,,,,58,Nièvre,,58-1,1ère circonscription,,,@,@,,@,@,@,
Bourgogne-Franche-Comté,,,,,58,Nièvre,,58-2,2e circonscription,,,@,@,,@,@,@,
Bourgogne-Franche-Comté,,,,,70,Haute-Saône,,70-1,1ère circonscription,,,@,@,,@,@,@,
Bourgogne-Franche-Comté,,,,,70,Haute-Saône,,70-2,2e circonscription,,,@,@,,@,@,@,
Bourgogne-Franche-Comté,,,,,71,Saône-et-Loire,,71-1,1ère circonscription,,,@,@,,@,@,@,
Bourgogne-Franche-Comté,46.45035,4.12151,Union Populaire - 2ème circo de Saône et Loire,https://twitter.com/UnionPop7102,71,Saône-et-Loire,,71-2,2e circonscription,,,@UnionPop7102,@,,@,@,@,
Bourgogne-Franche-Comté,,,,,71,Saône-et-Loire,,71-3,3e circonscription,,,@,@,,@,@,@,
Bourgogne-Franche-Comté,,,,,71,Saône-et-Loire,,71-4,4e circonscription,,,@,@,,@,@,@,
Bourgogne-Franche-Comté,46.74750,4.49237,Union Populaire - 5ème circo de Saône et Loire,,71,Saône-et-Loire,,71-5,5e circonscription,,,@,@,union_populaire_5eme_circo71,@,@,@,
Bourgogne-Franche-Comté,47.79804,3.57674,Jeunes Insoumis.es d'Auxerre,,89,Yonne,,89,jeunes,,,@,@,lesjeunesinsoumisdauxerre,@,@,@,
Bourgogne-Franche-Comté,,,,,89,Yonne,,89-1,1ère circonscription,,,@,@,,@,@,@,
Bourgogne-Franche-Comté,,,,,89,Yonne,,89-2,2e circonscription,,,@,@,,@,@,@,
Bourgogne-Franche-Comté,,,,,89,Yonne,,89-3,3e circonscription,,,@,@,,@,@,@,
Bourgogne-Franche-Comté,,,,,90,Territoire de Belfort (90),,90-1,1ère circonscription,,,@,@,,@,@,@,
Bourgogne-Franche-Comté,,,,,90,Territoire de Belfort (90),,90-2,2e circonscription,,,@,@,,@,@,@,
Bretagne,,,région Bretagne ,,22,Côtes-d'Armor,,22,région,,,@,@,,@,@,,
Bretagne,,,,,22,Côtes-d'Armor,,22-1,1ère circonscription,,,@,@,,@,@,@,
Bretagne,,,,,22,Côtes-d'Armor,,22-2,2e circonscription,,,@,@,,@,@,@,
Bretagne,,,,,22,Côtes-d'Armor,,22-3,3e circonscription,,,@,@,,@,@,@,
Bretagne,,,,,22,Côtes-d'Armor,,22-4,4e circonscription,,,@,@,,@,@,@,
Bretagne,,,,,22,Côtes-d'Armor,,22-5,5e circonscription,,,@,@,,@,@,@,
Bretagne,47.99898,-4.10434,Jeunes Insoumis·es Quimper,https://twitter.com/JInQuimper,29,Finistère,,29,jeunes,,,@JinQuimper,@,jinsoumisquimper,@,@,@,
Bretagne,,,,,29,Finistère,,29-1,1ère circonscription,,,@,@,,@,@,@,
Bretagne,,,,,29,Finistère,,29-2,2e circonscription,,,@,@,,@,@,@,
Bretagne,,,,,29,Finistère,,29-3,3e circonscription,,,@,@,,@,@,@,
Bretagne,,,,,29,Finistère,,29-4,4e circonscription,,,@,@,,@,@,@,
Bretagne,,,,,29,Finistère,,29-5,5e circonscription,,,@,@,,@,@,@,
Bretagne,,,,,29,Finistère,,29-6,6e circonscription,,,@,@,,@,@,@,
Bretagne,,,,,29,Finistère,,29-7,7e circonscription,,,@,@,,@,@,@,
Bretagne,,,,,29,Finistère,,29-8,8e circonscription,,,@,@,,@,@,@,
Bretagne,,,,,35,Ille-et-Vilaine,,35-1,1ère circonscription,,,@,@,,@,@,@,
Bretagne,48.1405,-1.6376,Union populaire Circo 35-02,https://twitter.com/UPop_Circo35_02,35,Ille-et-Vilaine,,35-2,2e circonscription,,,@Upop_Circo35_02,@,,@,@,@,
Bretagne,,,,,35,Ille-et-Vilaine,,35-3,3e circonscription,,,@,@,,@,@,@,
Bretagne,,,,,35,Ille-et-Vilaine,,35-4,4e circonscription,,,@,@,,@,@,@,
Bretagne,,,,,35,Ille-et-Vilaine,,35-5,5e circonscription,,,@,@,,@,@,@,
Bretagne,,,,,35,Ille-et-Vilaine,,35-6,6e circonscription,,,@,@,,@,@,@,
Bretagne,,,,,35,Ille-et-Vilaine,,35-7,7e circonscription,,,@,@,,@,@,@,
Bretagne,,,,,35,Ille-et-Vilaine,,35-8,7e circonscription,,,@,@,,@,@,@,
Bretagne,48.11486,-1.67429,Rennes,https://twitter.com/UnionPopRennes,35,Ille-et-Vilaine,,35,ville,,,@UnionPopRennes,@,,@,@,@,
Bretagne,,,,,56,Morbihan,,56-1,1ère circonscription,,,@,@,,@,@,@,
Bretagne,,,,,56,Morbihan,,56-2,2e circonscription,,,@,@,,@,@,@,
Bretagne,,,,,56,Morbihan,,56-3,3e circonscription,,,@,@,,@,@,@,
Bretagne,,,,,56,Morbihan,,56-4,4e circonscription,,,@,@,,@,@,@,
Bretagne,,,,,56,Morbihan,,56-5,5e circonscription,,,@,@,,@,@,@,
Bretagne,48.00532,-3.32330,UPCirco 56-6,,56,Morbihan,,56-6,6e circonscription,,,@,@,unionpopulairecirco566,@,@,@,
Centre-Val de Loire,,,région Centre-Val de Loire ,,18,Cher,,18,région,,,@,@,,@,@,,
Centre-Val de Loire,,,,,18,Cher,,18-1,1ère circonscription,,,@,@,,@,@,@,
Centre-Val de Loire,,,,,18,Cher,,18-2,2e circonscription,,,@,@,,@,@,@,
Centre-Val de Loire,,,,,18,Cher,,18-3,3e circonscription,,,@,@,,@,@,@,
Centre-Val de Loire,,,,,28,Eure-et-Loir,,28-1,1ère circonscription,,,@,@,,@,@,@,
Centre-Val de Loire,,,,,28,Eure-et-Loir,,28-2,2e circonscription,,,@,@,,@,@,@,
Centre-Val de Loire,,,,,28,Eure-et-Loir,,28-3,3e circonscription,,,@,@,,@,@,@,
Centre-Val de Loire,,,,,28,Eure-et-Loir,,28-4,4e circonscription,,,@,@,,@,@,@,
Centre-Val de Loire,46.82463,1.69441,Indre,https://twitter.com/LFI36,36,Indre,,36,département,,,@LFI36,@,,@,@,@,
Centre-Val de Loire,,,,,36,Indre,,36-1,1ère circonscription,,,@,@,,@,@,@,
Centre-Val de Loire,,,,,36,Indre,,36-2,2e circonscription,,,@,@,,@,@,@,
Centre-Val de Loire,47.3795,0.6972,Tours,https://twitter.com/FI_Tours,37,Indre-et-Loire,,37,ville,,,@FI_Tours,@,,@,@,@,
Centre-Val de Loire,,,,,37,Indre-et-Loire,,37-1,1ère circonscription,,,@,@,,@,@,@,
Centre-Val de Loire,,,,,37,Indre-et-Loire,,37-2,2e circonscription,,,@,@,,@,@,@,
Centre-Val de Loire,,,,,37,Indre-et-Loire,,37-3,3e circonscription,,,@,@,,@,@,@,
Centre-Val de Loire,,,,,37,Indre-et-Loire,,37-4,4e circonscription,,,@,@,,@,@,@,
Centre-Val de Loire,,,,,37,Indre-et-Loire,,37-5,5e circonscription,,,@,@,,@,@,@,
Centre-Val de Loire,,,,,41,Loir-et-Cher,,41-1,1ère circonscription,,,@,@,,@,@,@,
Centre-Val de Loire,,,,,41,Loir-et-Cher,,41-2,2e circonscription,,,@,@,,@,@,@,
Centre-Val de Loire,,,,,41,Loir-et-Cher,,41-3,3e circonscription,,,@,@,,@,@,@,
Centre-Val de Loire,47.9016,1.9093,Orléans,https://twitter.com/FIOrleansCentre,45,Loiret,,45,ville,,,@FIOrleansCentre,@,,@,@,@,
Centre-Val de Loire,47.84131,1.93683,Jeunes insoumis•es Orléans,https://twitter.com/JFI_Orleans,45,Loiret,,45,jeunes,,,@JFI_Orleans,@,jeunesinsoumis.es45,@,@,@,https://actionpopulaire.fr/groupes/ad9413f7-0dc5-4c97-8f95-4297efe9aeea/
Centre-Val de Loire,,,,,45,Loiret,,45-1,1ère circonscription,,,@,@,,@,@,@,
Centre-Val de Loire,47.92122,1.89602,GA des quartiers Nord et Ouest d'Orléans,,45,Loiret,,45,GA,,,@,@,,@,@,@,https://actionpopulaire.fr/groupes/37023b55-8565-4b8e-a489-b66bea82ca1d/
Centre-Val de Loire,,,,,45,Loiret,,45-2,2e circonscription,,,@,@,,@,@,@,
Centre-Val de Loire,,,Union Populaire du Giennois (3ème Circo Loiret),https://twitter.com/Union3eme,45,Loiret,,45-3,3e circonscription,,,@Union3eme,@,,@,@,@,
Centre-Val de Loire,,,,,45,Loiret,,45-4,4e circonscription,,,@,@,,@,@,@,
Centre-Val de Loire,47.99791,2.73007,Montargis,,45,Loiret,,45,ville,,,@,@,franceinsoumise.montargois45,@,@,@,
Centre-Val de Loire,,,,,45,Loiret,,45-5,5e circonscription,,,@,@,,@,@,@,
Centre-Val de Loire,47.91005,1.95288,GA Saint-Jean-de-Braye,,45,Loiret,,45,GA,,,@,@,,@,@,@,https://actionpopulaire.fr/groupes/1574fc57-93a8-4e93-971c-136636cbd86a/
Centre-Val de Loire,,,,,45,Loiret,,45-6,6e circonscription,,,@,@,,@,@,@,
Corse,,,région Corse ,,,Corse,,,région,,,@,@,,@,@,@,
Corse,42.1991,9.0462,Union Populaire - Corse,https://twitter.com/UP_Corsica,,Corse,,,,,,@UP_Corsica,@,,@,@,@,
Corse,42.26308,8.70975,Union Populaire 1ere circo Haute-Corse,https://twitter.com/UnionHauteCorse,2B,Haute-Corse,,2B-1,1ère circonscription,,,@UnionHauteCorse,@,,@,@,@,
Corse,,,,,2B,Haute-Corse,,2B-2,2e circonscription,,,@,@,,@,@,@,
Corse,,,,,2A,Corse-du-Sud,,2A-1,1ère circonscription,,,@,@,,@,@,@,
Corse,,,,,2A,Corse-du-Sud,,2A-2,2e circonscription,,,@,@,,@,@,@,
Grand Est,,,région Grand Est ,,8,Ardennes,,8,région,,,@,@,,@,@,@,
Grand Est,,,,,8,Ardennes,,8-1,1ère circonscription,,,@,@,,@,@,@,
Grand Est,,,,,8,Ardennes,,8-2,2e circonscription,,,@,@,,@,@,@,
Grand Est,,,,,8,Ardennes,,8-3,3e circonscription,,,@,@,,@,@,@,
Grand Est,49.7754,4.7256,Les Ardennes Insoumises,https://twitter.com/08Insoumises,8,Ardennes,,8,,,,@08Insoumises,@,,@,@,@,
Grand Est,,,,,10,Aube,,10-1,1ère circonscription,,,@,@,,@,@,@,
Grand Est,,,,,10,Aube,,10-2,2e circonscription,,,@,@,,@,@,@,
Grand Est,,,,,10,Aube,,10-3,3e circonscription,,,@,@,,@,@,@,
Grand Est,49.25819,4.02639,Marne,https://twitter.com/MarnePopulaire,51,Marne,,51,département,,,@MarnePopulaire,@,,@,@,@,
Grand Est,,,,,51,Marne,,51-1,1ère circonscription,,,@,@,,@,@,@,
Grand Est,,,,,51,Marne,,51-2,2e circonscription,,,@,@,,@,@,@,
Grand Est,,,,,51,Marne,,51-3,3e circonscription,,,@,@,,@,@,@,
Grand Est,,,,,51,Marne,,51-4,4e circonscription,,,@,@,,@,@,@,
Grand Est,,,,,51,Marne,,51-5,5e circonscription,,,@,@,,@,@,@,
Grand Est,48.17826,5.15227,Haute-Marne,,52,Haute-Marne,,52,département,,,@,@,upopnord52,,,,
Grand Est,,,,,52,Haute-Marne,,52-1,1ère circonscription,,,@,@,,@,@,@,
Grand Est,,,,,52,Haute-Marne,,52-2,2e circonscription,,,@,@,,@,@,@,
Grand Est,,,,,54,Meurthe-et-Moselle,,54-1,1ère circonscription,,,@,@,,@,@,@,
Grand Est,48.69548,6.16712,Les jeunes insoumis.es de Nancy,https://twitter.com/JI_Nancy_54,54,Meurthe-et-Moselle,,54,jeunes,,,@JI_Nancy_54,@,,@,@,@,https://actionpopulaire.fr/groupes/f78821f4-9e9a-4291-9969-6c84581af402/
Grand Est,,,,,54,Meurthe-et-Moselle,,54-2,2e circonscription,,,@,@,,@,@,@,
Grand Est,,,,,54,Meurthe-et-Moselle,,54-3,3e circonscription,,,@,@,,@,@,@,
Grand Est,,,,,54,Meurthe-et-Moselle,,54-4,4e circonscription,,,@,@,,@,@,@,
Grand Est,,,,,54,Meurthe-et-Moselle,,54-5,5e circonscription,,,@,@,,@,@,@,
Grand Est,,,,,54,Meurthe-et-Moselle,,54-6,6e circonscription,,,@,@,,@,@,@,
Grand Est,,,,,55,Meuse,,55-1,1ère circonscription,,,@,@,,@,@,@,
Grand Est,,,,,55,Meuse,,55-2,2e circonscription,,,@,@,,@,@,@,
Grand Est,,,,,57,Moselle,,57-1,1ère circonscription,,,@,@,,@,@,@,
Grand Est,,,,,57,Moselle,,57-2,2e circonscription,,,@,@,,@,@,@,
Grand Est,49.10614,6.18450,Jeunes Insoumis.es Metz,,57,Moselle,,57,jeunes,,,@,@,jeunes_insoumis.es_metz,,,,
Grand Est,,,,,57,Moselle,,57-3,3e circonscription,,,@,@,,@,@,@,
Grand Est,,,,,57,Moselle,,57-4,4e circonscription,,,@,@,,@,@,@,
Grand Est,,,,,57,Moselle,,57-5,5e circonscription,,,@,@,,@,@,@,
Grand Est,,,,,57,Moselle,,57-6,6e circonscription,,,@,@,,@,@,@,
Grand Est,,,,,57,Moselle,,57-7,7e circonscription,,,@,@,,@,@,@,
Grand Est,,,,,57,Moselle,,57-8,8e circonscription,,,@,@,,@,@,@,
Grand Est,,,,,57,Moselle,,57-9,9e circonscription,,,@,@,,@,@,@,
Alsace (Sud),47.72906,7.34365,L'Union Populaire - SudAlsace,,67,Bas-Rhin,,67,région,,,@,@,lunionpopulairesudalsace,,,,
Grand Est,48.58340,7.74583,Strasbourg,https://twitter.com/StrasbourgFI,67,Bas-Rhin,,67,ville,,,@StrasbourgFI,@,,@,@,@,
Grand Est,48.59068,7.75815,Jeunes Insoumis·es Strasbourg,https://twitter.com/es_jeunes,67,Bas-Rhin,,67,jeunes,,,@es_jeunes,@,jeunes_insoumis.es_strasbourg,@,@,@,
Grand Est,,,,,67,Bas-Rhin,,67-1,1ère circonscription,,,@,@,,@,@,@,
Grand Est,,,,,67,Bas-Rhin,,67-2,2e circonscription,,,@,@,,@,@,@,
Grand Est,,,,,67,Bas-Rhin,,67-3,3e circonscription,,,@,@,,@,@,@,
Grand Est,,,,,67,Bas-Rhin,,67-4,4e circonscription,,,@,@,,@,@,@,
Grand Est,,,,,67,Bas-Rhin,,67-5,5e circonscription,,,@,@,,@,@,@,
Grand Est,,,,,67,Bas-Rhin,,67-6,6e circonscription,,,@,@,,@,@,@,
Grand Est,,,,,67,Bas-Rhin,,67-7,7e circonscription,,,@,@,,@,@,@,
Grand Est,,,,,67,Bas-Rhin,,67-8,8e circonscription,,,@,@,,@,@,@,
Grand Est,,,,,67,Bas-Rhin,,67-9,9e circonscription,,,@,@,,@,@,@,
Grand Est,,,,,68,Haut-Rhin,,68-1,1ère circonscription,,,@,@,,@,@,@,
Grand Est,,,,,68,Haut-Rhin,,68-2,2e circonscription,,,@,@,,@,@,@,
Grand Est,,,,,68,Haut-Rhin,,68-3,3e circonscription,,,@,@,,@,@,@,
Grand Est,,,,,68,Haut-Rhin,,68-4,4e circonscription,,,@,@,,@,@,@,
Grand Est,47.74534,7.33730,Jeunes Insoumis.es Mulhouse,https://twitter.com/jinsoumis68,68,Haut-Rhin,,68,jeunes,,,@jinsoumis68,@,jeunesinsoumis.es_mulhouse,@,@,@,
Grand Est,,,,,68,Haut-Rhin,,68-5,5e circonscription,,,@,@,,@,@,@,
Grand Est,,,,,68,Haut-Rhin,,68-6,6e circonscription,,,@,@,,@,@,@,
Grand Est,48.17057,6.44780,Union Populaire 88-01,https://twitter.com/UP_8801,88,Vosges,,88-1,1ère circonscription,,,@UP_8801,@,,@,@,@,
Grand Est,,,,,88,Vosges,,88-2,2e circonscription,,,@,@,,@,@,@,
Grand Est,,,,,88,Vosges,,88-3,3e circonscription,,,@,@,,@,@,@,
Grand Est,,,,,88,Vosges,,88-4,4e circonscription,,,@,@,,@,@,@,
Hauts-de-France,,,région Hauts-de-France ,,2,Aisne,,2,région,,,@,@,,@,@,@,
Hauts-de-France,,,,,2,Aisne,,2-1,1ère circonscription,,,@,@,,@,@,@,
Hauts-de-France,,,,,2,Aisne,,2-2,2e circonscription,,,@,@,,@,@,@,
Hauts-de-France,,,,,2,Aisne,,2-3,3e circonscription,,,@,@,,@,@,@,
Hauts-de-France,,,,,2,Aisne,,2-4,4e circonscription,,,@,@,,@,@,@,
Hauts-de-France,,,,,2,Aisne,,2-5,5e circonscription,,,@,@,,@,@,@,
Hauts-de-France,50.62477,3.05091,Jeunes Insoumis-es Lille,https://twitter.com/JeunesFILille,59,Nord,,59,jeunes,,,@JeunesFILille,@,,@,@,@,
Hauts-de-France,,,,,59,Nord,,59-1,1ère circonscription,,,@,@,,@,@,@,
Hauts-de-France,50.63744,3.05106,Lille,https://twitter.com/Melenchon_Lille,59,Nord,,59,ville,,,@Melenchon_Lille,@,,@,@,@,
Hauts-de-France,,,,,59,Nord,,59-2,2e circonscription,,,@,@,,@,@,@,
Hauts-de-France,,,,,59,Nord,,59-3,3e circonscription,,,@,@,,@,@,@,
Hauts-de-France,,,,,59,Nord,,59-4,4e circonscription,,,@,@,,@,@,@,
Hauts-de-France,,,,,59,Nord,,59-5,5e circonscription,,,@,@,,@,@,@,
Hauts-de-France,50.61124,2.98748,Haubourdin,https://twitter.com/UPHaubourdin,59,Nord,,59,ville,,,@UPHaubourdin,@,,@,@,@,
Hauts-de-France,,,,,59,Nord,,59-6,6e circonscription,,,@,@,,@,@,@,
Hauts-de-France,50.6678,3.1675,Union populaire 59 07,,59,Nord,,59-7,7e circonscription,,,@,@,unionpopulaire5907,@,@,@,
Hauts-de-France,50.69131,3.17507,Roubaix,https://twitter.com/FIRoubaix,59,Nord,,59,ville,,,@FIRoubaix,@unionpop.rbx,,@,@,@,
Hauts-de-France,,,,,59,Nord,,59-8,8e circonscription,,,@,@,,@,@,@,
Hauts-de-France,,,,,59,Nord,,59-9,9e circonscription,,,@,@,,@,@,@,
Hauts-de-France,,,,,59,Nord,,59-10,10e circonscription,,,@,@,,@,@,@,
Hauts-de-France,,,,,59,Nord,,59-11,11e circonscription,,,@,@,,@,@,@,
Hauts-de-France,,,,,59,Nord,,59-12,12e circonscription,,,@,@,,@,@,@,
Hauts-de-France,,,,,59,Nord,,59-13,13e circonscription,,,@,@,,@,@,@,
Hauts-de-France,,,,,59,Nord,,59-14,14e circonscription,,,@,@,,@,@,@,
Hauts-de-France,,,,,59,Nord,,59-15,15e circonscription,,,@,@,,@,@,@,
Hauts-de-France,,,,,59,Nord,,59-16,16e circonscription,,,@,@,,@,@,@,
Hauts-de-France,,,,,59,Nord,,59-17,17e circonscription,,,@,@,,@,@,@,
Hauts-de-France,50.36491,3.08649,Douais,https://twitter.com/FIDouai,59,Nord,,59,ville,,,@FIDouai,@DouaisisInsoumis,fi_douaisis,@,@,@,
Hauts-de-France,,,,,59,Nord,,59-18,18e circonscription,,,@,@,,@,@,@,
Hauts-de-France,,,,,59,Nord,,59-19,19e circonscription,,,@,@,,@,@,@,
Hauts-de-France,,,,,59,Nord,,59-20,20e circonscription,,,@,@,,@,@,@,
Hauts-de-France,,,,,59,Nord,,59-21,21e circonscription,,,@,@,,@,@,@,
Hauts-de-France,,,,,60,Oise,,60-1,1ère circonscription,,,@,@,,@,@,@,
Hauts-de-France,,,,,60,Oise,,60-2,2e circonscription,,,@,@,,@,@,@,
Hauts-de-France,49.2225,2.2872,Union Populaire-Oise 3e Circo-Législatives 2022,https://twitter.com/Oise3eCirco,60,Oise,,60-3,3e circonscription,,,@Oise3eCirco,@,,@,@,@,
Hauts-de-France,,,,,60,Oise,,60-4,4e circonscription,,,@,@,,@,@,@,
Hauts-de-France,,,,,60,Oise,,60-5,5e circonscription,,,@,@,,@,@,@,
Hauts-de-France,49.42391,2.81868,Union Populaire - Compiègne/Noyon,https://twitter.com/Union6eOise,60,Oise,,60-6,6e circonscription,,,@Union6eOise,@,,@,@,@,
Hauts-de-France,,,,,60,Oise,,60-7,7e circonscription,,,@,@,,@,@,@,
Hauts-de-France,,,,,62,Pas-de-Calais,,62-1,1ère circonscription,,,@,@,,@,@,@,
Hauts-de-France,50.29279,2.77369,Arras,https://twitter.com/FIGrandArras,62,Pas-de-Calais,,62,ville,,,@FIGrandArras,@,,@,@,@,
Hauts-de-France,50.29122,2.78474,Arras Insoumise,,62,Pas-de-Calais,,62,,,,@,@,arrasinsoumise,@,@,@,
Hauts-de-France,,,,,62,Pas-de-Calais,,62-2,2e circonscription,,,@,@,,@,@,@,
Hauts-de-France,,,,,62,Pas-de-Calais,,62-3,3e circonscription,,,@,@,,@,@,@,
Hauts-de-France,,,,,62,Pas-de-Calais,,62-4,4e circonscription,,,@,@,,@,@,@,
Hauts-de-France,,,,,62,Pas-de-Calais,,62-5,5e circonscription,,,@,@,,@,@,@,
Hauts-de-France,,,,,62,Pas-de-Calais,,62-6,6e circonscription,,,@,@,,@,@,@,
Hauts-de-France,,,,,62,Pas-de-Calais,,62-7,7e circonscription,,,@,@,,@,@,@,
Hauts-de-France,,,,,62,Pas-de-Calais,,62-8,8e circonscription,,,@,@,,@,@,@,
Hauts-de-France,,,,,62,Pas-de-Calais,,62-9,9e circonscription,,,@,@,,@,@,@,
Hauts-de-France,,,,,62,Pas-de-Calais,,62-10,10e circonscription,,,@,@,,@,@,@,
Hauts-de-France,,,,,62,Pas-de-Calais,,62-11,11e circonscription,,,@,@,,@,@,@,
Hauts-de-France,,,,,62,Pas-de-Calais,,62-12,12e circonscription,,,@,@,,@,@,@,
,,,,,80,Somme,,,,,,,,,,,,
Hauts-de-France,,,,,80,Somme,,80-1,1ère circonscription,,,@,@,,@,@,@,
Hauts-de-France,,,,,80,Somme,,80-2,2e circonscription,,,@,@,,@,@,@,
Hauts-de-France,,,,,80,Somme,,80-3,3e circonscription,,,@,@,,@,@,@,
Hauts-de-France,,,,,80,Somme,,80-4,4e circonscription,,,@,@,,@,@,@,
Hauts-de-France,,,,,80,Somme,,80-5,5e circonscription,,,@,@,,@,@,@,
Île-de-France,,,région Île-de-France ,,75,Paris,,75,région,,,@,@,,@,@,@,
Île-de-France,,,75-01 (1er 2e 8e 9e),,75,Paris,,75-1,1ère circonscription,,,@,@,,@,@,@,
Île-de-France,48.8583,2.3403,France Insoumise #ParisCentre !,https://twitter.com/FI_ParisCentre,75,Paris,,75,,,,@FI_ParisCentre,@,fi_paris_centre,@,@,@,
Île-de-France,,,Paris 2e,,75,Paris,,75,,,,@,@,,@,@,@,
Île-de-France,48.87741,2.33804,La France insoumise - Paris 9ème,https://twitter.com/FI_Paris9,75,Paris,,75,,,,@FI_ParisCentre,@,,@,@,@,
Île-de-France,48.84299,2.35185,Union Populaire - Paris 5e,https://twitter.com/FI_Paris5,75,Paris,,75,,,,@FI_Paris5,@,,@,@,@,
Île-de-France,,,75-02 (5e 6e 7e),,75,Paris,,75-2,2e circonscription,,,@,@,,@,@,@,
Île-de-France,,,Paris 5e,,75,Paris,,75,,,,@,@,,@,@,@,
Île-de-France,48.8502,2.3326,Les Insoumis•es - Paris 6e & 7e,https://twitter.com/insoumis_6_7,75,Paris,,75,,,,@insoumis_6_7 ,@,,@,@,@,
Île-de-France,,,73-03,,75,Paris,,75-3,3e circonscription,,,@,@,,@,@,@,
Île-de-France,,,75-04,,75,Paris,,75-4,4e circonscription,,,@,@,,@,@,@,
Île-de-France,,,75-05 (~ 10e),,75,Paris,,75-5,5e circonscription,,,@,@,,@,@,@,
Île-de-France,48.8709,2.3552,Le 10ème insoumis,https://twitter.com/FIParis10e,75,Paris,,75,,,,@FIParis10e,@fiparis10e,,@,@,@,
Île-de-France,,,75-06,,75,Paris,,75-6,6e circonscription,,,@,@,,@,@,@,
Île-de-France,48.8575,2.3618,75-07 Union Populaire - 7e circonscription de Paris,https://twitter.com/circo7507,75,Paris,,75-7,7e circonscription,,,@circo7507,@,,@,@,@,
Île-de-France,48.8538,2.3698,La France Insoumise - Paris 11 Bastille φ,https://twitter.com/FIBastille11,75,Paris,,75,,,,@FIBastille11,@,,@,@,@,
Île-de-France,,,75-08,,75,Paris,,75-8,8e circonscription,,,@,@,,@,@,@,
Île-de-France,48.84862,2.38482,France Insoumise Paris 12 nord,,75,Paris,,75,,,,@,@,fi12nord,@,@,@,
Île-de-France,,,,,75,Paris,,75,,,,@,@,,@,@,@,
Île-de-France,,,75-09 (~13e),,75,Paris,,75-9,9e circonscription,,,@,@,,@,@,@,
Île-de-France,48.8382,2.3607,Jeunes insoumis-es Sorbonne,https://twitter.com/LaSorbonneFI,75,Paris,,75,jeunes,,,@LaSorbonneFI,@,,@,@,@,
Île-de-France,48.8314,2.3577,Union Populaire - Paris 13e,https://twitter.com/FI_Paris13,75,Paris,,75,,,,@FI_Paris13,@,,@,@,@,
Île-de-France,,,75-10,,75,Paris,,75-10,10e circonscription,,,@,@,,@,@,@,
Île-de-France,,,,,75,Paris,,75,,,,@,@,,@,@,@,
Île-de-France,,,75-11 (~ 14e),,75,Paris,,75-11,11e circonscription,,,@,@,,@,@,@,
Île-de-France,48.8273,2.3215,L'Union Populaire - Paris 14e,https://twitter.com/LFIParis14,75,Paris,,75,,,,@LFIParis14,@,,@,@,@,
Île-de-France,,,75-12,,75,Paris,,75-12,12e circonscription,,,@,@,,@,@,@,
Île-de-France,,,,,75,Paris,,75,,,,@,@,,@,@,@,
Île-de-France,,,75-13 (~ 15e),,75,Paris,,75-13,13e circonscription,,,@,@,,@,@,@,
Île-de-France,48.83998,2.28265,Union Populaire Paris 15e,https://twitter.com/UnionPopParis15,75,Paris,,75,,,,@UnionPopParis15,@,,@,@,@,
Île-de-France,,,75-14,,75,Paris,,75-14,14e circonscription,,,@,@,,@,@,@,
Île-de-France,,,,,75,Paris,,75,,,,@,@,,@,@,@,
Île-de-France,,,75-15 (~ 20e),,75,Paris,,75-15,15e circonscription,,,@,@,,@,@,@,
Île-de-France,48.8655,2.3995,France Insoumise Paris 20e,https://twitter.com/FI20eme,75,Paris,,75,,,,@FI20eme,@,,@,@,@,
Île-de-France,48.88253,2.38219,France Insoumise Paris 19e,https://twitter.com/FI_Paris19,75,Paris,,75,,,,@FI_Paris19,@,,@,@,@,
Île-de-France,,,,,75,Paris,,75-16,16e circonscription,,,@,@,,@,@,@,
Île-de-France,,,,,75,Paris,,75-17,17e circonscription,,,@,@,,@,@,@,
Île-de-France,48.88757,2.34169,France insoumise Paris 18e,https://twitter.com/FI_Paris18,75,Paris,,75,,,,@FI_Paris18,@,,@,@,@,
Île-de-France,,,,,75,Paris,,75-18,18e circonscription,,,@,@,,@,@,@,
Île-de-France,48.67385,2.89786,Les insoumis du 77 φ,https://twitter.com/lesinsoumisdu77,77,Seine-et-Marne,,77,département,,,@lesinsoumisdu77,@,,@,@,@,
Île-de-France,48.54054,2.66056,Jeunes Insoumis 77,https://twitter.com/77Jeunes,77,Seine-et-Marne,,77,jeunes,,,@77Jeunes,@,,@,@,@,
Île-de-France,,,,,77,Seine-et-Marne,,77-1,1ère circonscription,,,@,@,,@,@,@,
Île-de-France,,,,,77,Seine-et-Marne,,77-2,2e circonscription,,,@,@,,@,@,@,
Île-de-France,,,,,77,Seine-et-Marne,,77-3,3e circonscription,,,@,@,,@,@,@,
Île-de-France,,,,,77,Seine-et-Marne,,77-4,4e circonscription,,,@,@,,@,@,@,
Île-de-France,,,,,77,Seine-et-Marne,,77-5,5e circonscription,,,@,@,,@,@,@,
Île-de-France,,,,,77,Seine-et-Marne,,77-6,6e circonscription,,,@,@,,@,@,@,
Île-de-France,,,,,77,Seine-et-Marne,,77-7,7e circonscription,,,@,@,,@,@,@,
Île-de-France,,,,,77,Seine-et-Marne,,77-8,8e circonscription,,,@,@,,@,@,@,
Île-de-France,,,,,77,Seine-et-Marne,,77-9,9e circonscription,,,@,@,,@,@,@,
Île-de-France,48.87012,2.60205,Union Populaire 77-10,https://twitter.com/UnionPop7710,77,Seine-et-Marne,,77-10,10e circonscription,,,@UnionPop7710,@,,@,@,@,
Île-de-France,,,,,77,Seine-et-Marne,,77-11,11e circonscription,,,@,@,,@,@,@,
Île-de-France,,,,,78,Yvelines,,78-1,1ère circonscription,,,@,@,,@,@,@,
Île-de-France,,,,,78,Yvelines,,78-2,2e circonscription,,,@,@,,@,@,@,
Île-de-France,,,,,78,Yvelines,,78-3,3e circonscription,,,@,@,,@,@,@,
Île-de-France,48.90107,2.16245,Unionpop7804,https://twitter.com/unionpop7804,78,Yvelines,,78-4,4e circonscription,,,@unionpop7804,@,,@,@,@,
Île-de-France,48.91968,2.12913,Union Populaire - 5e circonscription des Yvelines,https://twitter.com/unionpop7805,78,Yvelines,,78,,,,@unionpop7805,@,,@,@,@,
Île-de-France,,,,,78,Yvelines,,78-5,5e circonscription,,,@,@,,@,@,@,
Île-de-France,48.92604,2.03044,Poissy,,78,Yvelines,,78,ville,,,@,@,unionpop.poissy,@,@,@,
Île-de-France,,,,,78,Yvelines,,78-6,6e circonscription,,,@,@,,@,@,@,
Île-de-France,,,,,78,Yvelines,,78-7,7e circonscription,,,@,@,,@,@,@,
Île-de-France,,,,,78,Yvelines,,78-8,8e circonscription,,,@,@,,@,@,@,
Île-de-France,,,,,78,Yvelines,,78-9,9e circonscription,,,@,@,,@,@,@,
Île-de-France,,,,,78,Yvelines,,78-10,10e circonscription,,,@,@,,@,@,@,
Île-de-France,,,,,78,Yvelines,,78-11,11e circonscription,,,@,@,,@,@,@,
Île-de-France,,,,,78,Yvelines,,78-12,12e circonscription,,,@,@,,@,@,@,
Île-de-France,48.52107,2.26596,Essonne,,91,Essonne,,91,département,,,@,@,unionpop91,@,@,@,
Île-de-France,,,,,91,Essonne,,91-1,1ère circonscription,,,@,@,,@,@,@,
Île-de-France,,,,,91,Essonne,,91-2,2e circonscription,,,@,@,,@,@,@,
,48.52896,2.01621,Dourdan,,91,Essonne,,91,ville,,,@,@,dourdan_insoumise,@,@,@,
Île-de-France,48.54918,2.12877,Union Pop de la circo 91-3,,91,Essonne,,91-3,3e circonscription,,,@,@,91.3_unionpopulaire,@,@,@,
Île-de-France,48.64420,2.22689,Union Populaire 91-4,https://twitter.com/up_91_4,91,Essonne,,91-4,4e circonscription,,,@up_91_4,@,,@,@,@,
Île-de-France,48.7260,2.1773,Fi 91 5e,https://twitter.com/Fi915e1,91,Essonne,,91-5,5e circonscription,,,@Fi915e1,@,,@,@,@,
Île-de-France,48.69923,2.18811,Orsay,https://twitter.com/OrsayUP2022,91,Essonne,,91,ville,,,@OrsayUP2022,@,unionpopulaireorsay,@,@,@,
Île-de-France,48.73258,2.17241,Jeunes Insoumis•es Paris-Saclay,https://twitter.com/JFIParisSaclay,91,Essonne,,91,jeunes,,,@JFIParisSaclay,@,,@,@,@,
Île-de-France,48.71440,2.24640,Palaiseau,https://twitter.com/UnionPop91120,91,Essonne,,91,ville,,,@UnionPop91120,@,unionpopulairepalaiseau,@,@,@,
Île-de-France,,,,,91,Essonne,,91-6,6e circonscription,,,@,@,,@,@,@,
Île-de-France,,,,,91,Essonne,,91-7,7e circonscription,,,@,@,,@,@,@,
Île-de-France,,,,,91,Essonne,,91-8,8e circonscription,,,@,@,,@,@,@,
Île-de-France,48.65672,2.49241,Union populaire 9eme circonscription de l'Essonne,,91,Essonne,,91-9,9e circonscription,,,@,@,unionpopulaire91,@,@,@,
Île-de-France,48.64496,2.35902,Groupe de la 10e circo,,91,Essonne,,91-10,10e circonscription,,,@,@,insoumis.es_91.10,@,@,@,
Île-de-France,48.83432,2.18624,L’union populaire du 92,,92,Hauts-de-Seine,,92,département,,,@,@,union_populaire92,@,@,@,
Île-de-France,48.92389,2.24776,Colombes,,92,Hauts-de-Seine,,92,ville,,,@,@,colombes.insoumise,@,@,@,
Île-de-France,48.92805,2.24931,jeunes insoumis Colombes,,92,Hauts-de-Seine,,92,jeunes,,,@,@,jeunesinsoumiscolombes,@,@,@,
Île-de-France,,,,,92,Hauts-de-Seine,,92-1,1ère circonscription,,,@,@,,@,@,@,
Île-de-France,,,,,92,Hauts-de-Seine,,92-2,2e circonscription,,,@,@,,@,@,@,
Île-de-France,,,,,92,Hauts-de-Seine,,92-3,3e circonscription,,,@,@,,@,@,@,
Île-de-France,,,,,92,Hauts-de-Seine,,92-4,4e circonscription,,,@,@,,@,@,@,
Île-de-France,48.89392,2.21298,Jeunes insoumis.es Nanterre,,92,Hauts-de-Seine,,92,jeunes,,,@,@,jinanterre,@,@,@,
Île-de-France,48.8991,2.2967,Insoumis 5e 92 φ,https://twitter.com/insoumis5e92,92,Hauts-de-Seine,,92-5,5e circonscription,,,@insoumis5e92,@,,@,@,@,
Île-de-France,,,,,92,Hauts-de-Seine,,92-6,6e circonscription,,,@,@,,@,@,@,
Île-de-France,48.85828,2.19089,Union Populaire 92 - 7ème circonscription,https://twitter.com/Unionpop92_7,92,Hauts-de-Seine,,92-7,7e circonscription,,,@Unionpop92_7,@,,@,@,@,
Île-de-France,48.81269,2.21262,Union populaire - 8e circonscription du 92,https://twitter.com/Union_pop_9208,92,Hauts-de-Seine,,92-8,8e circonscription,,,@Union_pop_9208,@unionpopulaire_92.08,,@,@,@,
Île-de-France,,,,,92,Hauts-de-Seine,,92-9,9e circonscription,,,@,@,,@,@,@,
Île-de-France,,,,,92,Hauts-de-Seine,,92-10,10e circonscription,,,@,@,,@,@,@,
Île-de-France,,,,,92,Hauts-de-Seine,,92-11,11e circonscription,,,@,@,,@,@,@,
Île-de-France,48.79979,2.29055,Châtillon,https://twitter.com/Oise3eCirco,92,Hauts-de-Seine,,92,ville,,,@Oise3eCirco,@,unionpopulaire_oise3ecirco,@,@,@,
Île-de-France,48.79698,2.29136,Châtillon insoumise φ,,92,Hauts-de-Seine,,92,,,,@,@,chatillon.insoumise,@,@,@,
Île-de-France,48.79358,2.26217,Clamart Insoumise φ,https://twitter.com/LFI_Clamart92,92,Hauts-de-Seine,,92-12,12e circonscription,,,@LFI_Clamart92,@,,@,@,@,
Île-de-France,48.75341283726293,2.288102188214731,Union Populaire 92-13,https://twitter.com/UnionPop9213,92,Hauts-de-Seine,,92-13,13e circonscription,,,@UnionPop9213,@UnionPop9213,UnionPop9213,@UnionPop9213,@UnionPop9213,@UnionPop9213,
Île-de-France,48.90453,2.45787,Le 93 pour l’Union Populaire,https://twitter.com/UnionPop93,93,Seine-Saint-Denis,,93,département,,,@UnionPop93,@,,@,@,@,
Île-de-France,48.91389,2.33237,Saint Ouen,,93,Seine-Saint-Denis,,93,ville,,,@,@,france_insoumise_saint_ouen,@,@,@,
Île-de-France,48.91227,2.33338,Union Populaire 93-01,https://twitter.com/9301_UnionPop,93,Seine-Saint-Denis,,93-1,1ère circonscription,,,@9301_UnionPop,@,,@,@,@,
Île-de-France,,,,,93,Seine-Saint-Denis,,93-2,2e circonscription,,,@,@,,@,@,@,
Île-de-France,,,,,93,Seine-Saint-Denis,,93-3,3e circonscription,,,@,@,,@,@,@,
Île-de-France,48.84902,2.55268,Noisy-le-Grand,https://twitter.com/fi_noisylegrand,93,Seine-Saint-Denis,,93,ville,,,@fi_noisylegrand,@,,@,@,@,
Île-de-France,,,,,93,Seine-Saint-Denis,,93-4,4e circonscription,,,@,@,,@,@,@,
Île-de-France,,,,,93,Seine-Saint-Denis,,93-5,5e circonscription,,,@,@,,@,@,@,
Île-de-France,,,,,93,Seine-Saint-Denis,,93-6,6e circonscription,,,@,@,,@,@,@,
Île-de-France,,,,,93,Seine-Saint-Denis,,93-7,7e circonscription,,,@,@,,@,@,@,
Île-de-France,48.88259,2.50608,Villemomble,,93,Seine-Saint-Denis,,93,ville,,,@,@,fi_villemomble,@,@,@,
Île-de-France,,,,,93,Seine-Saint-Denis,,93-8,8e circonscription,,,@,@,,@,@,@,
Île-de-France,,,,,93,Seine-Saint-Denis,,93-9,9e circonscription,,,@,@,,@,@,@,
Île-de-France,48.93025,2.49540,Union populaire circo 93-10,https://twitter.com/UnionPop93_10,93,Seine-Saint-Denis,,93-10,10e circonscription,,,@UnionPop93_10,@,unionpop93_10,@,@,@,
Île-de-France,48.90918,2.50386,Les-Pavillons-Sous-Bois,https://twitter.com/Seine10eme,93,Seine-Saint-Denis,,93,ville,,,@Seine10eme,@,,@,@,@,
Île-de-France,,,,,93,Seine-Saint-Denis,,93-11,11e circonscription,,,@,@,,@,@,@,
Île-de-France,,,,,93,Seine-Saint-Denis,,93-12,12e circonscription,,,@,@,,@,@,@,
Île-de-France,,,,,94,Val-de-Marne,,94-1,1ère circonscription,,,@,@,,@,@,@,
Île-de-France,,,,,94,Val-de-Marne,,94-2,2e circonscription,,,@,@,,@,@,@,
Île-de-France,,,,,94,Val-de-Marne,,94-3,3e circonscription,,,@,@,,@,@,@,
Île-de-France,,,,,94,Val-de-Marne,,94-4,4e circonscription,,,@,@,,@,@,@,
Île-de-France,48.81537,2.52383,Champigny-sur-Marne,https://twitter.com/Champ_insoumise,94,Val-de-Marne,,94,ville,,,@Champ_insoumise,@,,@,@,@,
Île-de-France,,,,,94,Val-de-Marne,,94-5,5e circonscription,,,@,@,,@,@,@,
Île-de-France,,,,,94,Val-de-Marne,,94-6,6e circonscription,,,@,@,,@,@,@,
Île-de-France,,,,,94,Val-de-Marne,,94-7,7e circonscription,,,@,@,,@,@,@,
Île-de-France,,,,,94,Val-de-Marne,,94-8,8e circonscription,,,@,@,,@,@,@,
Île-de-France,,,,,94,Val-de-Marne,,94-9,9e circonscription,,,@,@,,@,@,@,
Île-de-France,48.78803,2.39307,Vitry-sur-Seine,https://twitter.com/VitryInsoumise,94,Val-de-Marne,,94,ville,,,@VitryInsoumise,@,,@,@,@,
Île-de-France,48.80015,2.41801,Alfortville,https://twitter.com/AlfortvilleLFI,94,Val-de-Marne,,94,ville,,,@AlfortvilleLFI,@,,@,@,@,
Île-de-France,,,,,94,Val-de-Marne,,94-10,10e circonscription,,,@,@,,@,@,@,
Île-de-France,48.79640,2.33137,Cachan,https://twitter.com/CachanFi,94,Val-de-Marne,,94,ville,,,@CachanFi,@,,@,@,@,
Île-de-France,,,,,94,Val-de-Marne,,94-11,11e circonscription,,,@,@,,@,@,@,
Île-de-France,48.79307,2.35352,Villejuif,https://twitter.com/PGVillejuif,95,Val-d'Oise,,95,ville,,,@PGVillejuif,@,,@,@,@,
Île-de-France,,,,,95,Val-d'Oise,,95-1,1ère circonscription,,,@,@,,@,@,@,
Île-de-France,,,,,95,Val-d'Oise,,95-2,2e circonscription,,,@,@,,@,@,@,
Île-de-France,,,,,95,Val-d'Oise,,95-3,3e circonscription,,,@,@,,@,@,@,
Île-de-France,,,,,95,Val-d'Oise,,95-4,4e circonscription,,,@,@,,@,@,@,
Île-de-France,49.00007,2.27625,Jeunes Insoumis·es 95,https://twitter.com/JInsoumis95,95,Val-d'Oise,,95,jeunes,,,@JInsoumis95,@,,@,@,@,
Île-de-France,,,,,95,Val-d'Oise,,95-5,5e circonscription,,,@,@,,@,@,@,
Île-de-France,,,,,95,Val-d'Oise,,95-6,6e circonscription,,,@,@,,@,@,@,
Île-de-France,,,,,95,Val-d'Oise,,95-7,7e circonscription,,,@,@,,@,@,@,
Île-de-France,49.0064,2.3894,Villiers le Bel,,95,Val-d'Oise,,95,ville,,,@,@,fivlb95,@,@,@,
Île-de-France,,,,,95,Val-d'Oise,,95-8,8e circonscription,,,@,@,,@,@,@,
Île-de-France,,,,,95,Val-d'Oise,,95-9,9e circonscription,,,@,@,,@,@,@,
Île-de-France,,,,,95,Val-d'Oise,,95-10,10e circonscription,,,@,@,,@,@,@,
Normandie,48.9661,0.4258,région Normandie Insoumise,https://twitter.com/NormandieLFI,14,Calvados,,14,région,,,@NormandieLFI,@,,@,@,@,
Normandie,,,,,14,Calvados,,14-1,1ère circonscription,,,@,@,,@,@,@,
Normandie,,,,,14,Calvados,,14-2,2e circonscription,,,@,@,,@,@,@,
Normandie,,,,,14,Calvados,,14-3,3e circonscription,,,@,@,,@,@,@,
Normandie,,,,,14,Calvados,,14-4,4e circonscription,,,@,@,,@,@,@,
Normandie,,,,,14,Calvados,,14-5,5e circonscription,,,@,@,,@,@,@,
Normandie,,,,,14,Calvados,,14-6,6e circonscription,,,@,@,,@,@,@,
Normandie,49.01862,1.15569,Jeunes Insoumis•es Évreux,https://twitter.com/EsEvreux,27,Eure,,27,jeunes,,,@EsEvreux,@,,@,@,@,
Normandie,,,,,27,Eure,,27-1,1ère circonscription,,,@,@,,@,@,@,
Normandie,,,,,27,Eure,,27-2,2e circonscription,,,@,@,,@,@,@,
Normandie,,,,,27,Eure,,27-3,3e circonscription,,,@,@,,@,@,@,
Normandie,,,,,27,Eure,,27-4,4e circonscription,,,@,@,,@,@,@,
Normandie,49.092014,1.482054,Union Populaire 27-05,https://twitter.com/UnionPop27,27,Eure,,27-5,5e circonscription,,,@Unionpop27,@InsoumisVernonGiverny,,@,@,@,
Normandie,,,,,50,Manche,,50-1,1ère circonscription,,,@,@,,@,@,@,
Normandie,,,,,50,Manche,,50-2,2e circonscription,,,@,@,,@,@,@,
Normandie,,,,,50,Manche,,50-3,3e circonscription,,,@,@,,@,@,@,
Normandie,,,,,50,Manche,,50-4,4e circonscription,,,@,@,,@,@,@,
Normandie,,,,,61,Orne,,61-1,1ère circonscription,,,@,@,,@,@,@,
Normandie,,,,,61,Orne,,61-2,2e circonscription,,,@,@,,@,@,@,
Normandie,,,,,61,Orne,,61-3,3e circonscription,,,@,@,,@,@,@,
Normandie,49.44228,1.09618,Jeunes Insoumis•es ROUEN,https://twitter.com/JeunesFI_Rouen,76,Seine-Maritime,,76,jeunes,,,@JeunesFI_Rouen,@,jeunesinsoumis.es_rouen,@,@,@,
Normandie,,,,,76,Seine-Maritime,,76-1,1ère circonscription,,,@,@,,@,@,@,
Normandie,,,,,76,Seine-Maritime,,76-2,2e circonscription,,,@,@,,@,@,@,
Normandie,,,,,76,Seine-Maritime,,76-3,3e circonscription,,,@,@,,@,@,@,
Normandie,,,,,76,Seine-Maritime,,76-4,4e circonscription,,,@,@,,@,@,@,
Normandie,49.48313,0.87823,Union Populaire 76-5,https://twitter.com/UnionPop765,76,Seine-Maritime,,76-5,5e circonscription,,,@UnionPop765,@,,@,@,@,
Normandie,,,,,76,Seine-Maritime,,76-6,6e circonscription,,,@,@,,@,@,@,
Normandie,,,,,76,Seine-Maritime,,7,7e circonscription,,,@,@,,@,@,@,
Normandie,49.49665,0.11058,Jeunes Insoumis•es Le Havre,https://twitter.com/JeunesFI_LH,76,Seine-Maritime,,76,jeunes,,,@JeunesFI_LH,@,jeunes_insoumis.es_le_havre,@,@,@,https://actionpopulaire.fr/groupes/a8bd499b-e95b-4f8a-99bd-94d9ac4b148d/
Normandie,,,,,76,Seine-Maritime,,76-8,8e circonscription,,,@,@,,@,@,@,
Normandie,,,,,76,Seine-Maritime,,76-9,9e circonscription,,,@,@,,@,@,@,
Normandie,,,,,76,Seine-Maritime,,76-10,10e circonscription,,,@,@,,@,@,@,
Nouvelle-Aquitaine,,,région Nouvelle-Aquitaine ,,16,Charente,,16,région,,,@,@,,@,@,@,
Nouvelle-Aquitaine,,,,,16,Charente,,16-1,1ère circonscription,,,@,@,,@,@,@,
Nouvelle-Aquitaine,45.69629,-0.32544,Cognac,,16,Charente,,16,ville,,,@,@,unionpopulaire_cognac,@,@,@,
Nouvelle-Aquitaine,,,,,16,Charente,,16-2,2e circonscription,,,@,@,,@,@,@,
Nouvelle-Aquitaine,,,,,16,Charente,,16-3,3e circonscription,,,@,@,,@,@,@,
Nouvelle-Aquitaine,,,,,17,Charente-Maritime,,17-1,1ère circonscription,,,@,@,,@,@,@,
Nouvelle-Aquitaine,,,,,17,Charente-Maritime,,17-2,2e circonscription,,,@,@,,@,@,@,
Nouvelle-Aquitaine,,,,,17,Charente-Maritime,,17-3,3e circonscription,,,@,@,,@,@,@,
Nouvelle-Aquitaine,,,,,17,Charente-Maritime,,17-4,4e circonscription,,,@,@,,@,@,@,
Nouvelle-Aquitaine,,,,,17,Charente-Maritime,,17-5,5e circonscription,,,@,@,,@,@,@,
Nouvelle-Aquitaine,,,,,19,Corrèze,,19-1,1ère circonscription,,,@,@,,@,@,@,
Nouvelle-Aquitaine,,,,,19,Corrèze,,19-2,2e circonscription,,,@,@,,@,@,@,
Nouvelle-Aquitaine,,,,,23,Creuse,,23-1,1ère circonscription,,,@,@,,@,@,@,
Nouvelle-Aquitaine,,,,,24,Dordogne,,24-1,1ère circonscription,,,@,@,,@,@,@,
Nouvelle-Aquitaine,,,,,24,Dordogne,,24-2,2e circonscription,,,@,@,,@,@,@,
Nouvelle-Aquitaine,,,,,24,Dordogne,,24-3,3e circonscription,,,@,@,,@,@,@,
Nouvelle-Aquitaine,,,,,24,Dordogne,,24-4,4e circonscription,,,@,@,,@,@,@,
Nouvelle-Aquitaine,44.8210,-0.6896,France Insoumise Gironde,,33,Gironde,,33,département,,,@,@,fi_gironde,@,@,@,
Nouvelle-Aquitaine,,,,,33,Gironde,,33-1,1ère circonscription,,,@,@,,@,@,@,
Nouvelle-Aquitaine,,,,,33,Gironde,,33-2,2e circonscription,,,@,@,,@,@,@,
Nouvelle-Aquitaine,44.84451,-0.54544,Jeunesinsoumis.es de Bordeaux,,33,Gironde,,33,jeunes,,,@,@,lesjeunesinsoumis.esdebordeaux,@,@,@,
Nouvelle-Aquitaine,44.81120,-0.54704,Bègle,,33,Gironde,,33,ville,,,@,@,begles.insoumis,,,,
Nouvelle-Aquitaine,,,,,33,Gironde,,33-3,3e circonscription,,,@,@,,@,@,@,
Nouvelle-Aquitaine,44.90929,-0.50696,Union populaire circo 4,,33,Gironde,,33-4,4e circonscription,,,@,@,unionpopulaire_gironde_circo4,@,@,@,
Nouvelle-Aquitaine,,,,,33,Gironde,,33-5,5e circonscription,,,@,@,,@,@,@,
Nouvelle-Aquitaine,,,,,33,Gironde,,33-6,6e circonscription,,,@,@,,@,@,@,
Nouvelle-Aquitaine,,,,,33,Gironde,,33-7,7e circonscription,,,@,@,,@,@,@,
Nouvelle-Aquitaine,,,,,33,Gironde,,33-8,8e circonscription,,,@,@,,@,@,@,
Nouvelle-Aquitaine,,,,,33,Gironde,,33-9,9e circonscription,,,@,@,,@,@,@,
Nouvelle-Aquitaine,44.91510,-0.23469,Libourne,https://twitter.com/ULibournais,33,Gironde,,33,ville,,,@Ulibournais,@,,@,@,@,
Nouvelle-Aquitaine,,,,,33,Gironde,,33-10,10e circonscription,,,@,@,,@,@,@,
Nouvelle-Aquitaine,,,,,33,Gironde,,33-11,11e circonscription,,,@,@,,@,@,@,
Nouvelle-Aquitaine,,,,,33,Gironde,,33-12,12e circonscription,,,@,@,,@,@,@,
Nouvelle-Aquitaine,,,,,40,Landes,,40-1,1ère circonscription,,,@,@,,@,@,@,
Nouvelle-Aquitaine,,,,,40,Landes,,40-2,2e circonscription,,,@,@,,@,@,@,
Nouvelle-Aquitaine,,,,,40,Landes,,40-3,3e circonscription,,,@,@,,@,@,@,
Nouvelle-Aquitaine,,,,,47,Lot-et-Garonne,,47-1,1ère circonscription,,,@,@,,@,@,@,
Nouvelle-Aquitaine,,,,,47,Lot-et-Garonne,,47-2,2e circonscription,,,@,@,,@,@,@,
Nouvelle-Aquitaine,,,,,47,Lot-et-Garonne,,47-3,3e circonscription,,,@,@,,@,@,@,
Nouvelle-Aquitaine,43.29649,-0.37482,Pau,https://twitter.com/InsoumisBearn,64,Pyrénées-Atlantiques,,64,ville,,,@InsoumisBearn,@,,@,@,@,
Nouvelle-Aquitaine,43.30555,-0.37678,Les Jeunes Insoumis.es Pau,https://twitter.com/JInsoumisPau,64,Pyrénées-Atlantiques,,64,jeunes,,,@JinsoumisPau,@,,@,@,@,
Nouvelle-Aquitaine,43.33323,-0.43335,UnionPop64circo01,https://twitter.com/UPop64circo01,64,Pyrénées-Atlantiques,,64-1,1ère circonscription,,,@UPop64circo01,@,,@,@,@,
Nouvelle-Aquitaine,43.34519,-0.26318,Union Pop Circo2,https://twitter.com/UPop64circo2,64,Pyrénées-Atlantiques,,64-2,2e circonscription,,,@UPop64circo2,@,,@,@,@,
Nouvelle-Aquitaine,43.39753,-0.56756,UnionPop64circo3,https://twitter.com/UPop64circo3,64,Pyrénées-Atlantiques,,64-3,3e circonscription,,,@UPop64circo3,@,,@,@,@,
Nouvelle-Aquitaine,,,,,64,Pyrénées-Atlantiques,,64-4,4e circonscription,,,@,@,,@,@,@,
Nouvelle-Aquitaine,,,,,64,Pyrénées-Atlantiques,,64-5,5e circonscription,,,@,@,,@,@,@,
Pays Basque,43.35961,-1.39958,Union Populaire Pays Basque,,64,Pyrénées-Atlantiques,,64,région,,,@,@,unionpopulairepaysbasque,,,,
Nouvelle-Aquitaine,,,,,64,Pyrénées-Atlantiques,,64-6,6e circonscription,,,@,@,,@,@,@,
Nouvelle-Aquitaine,46.33021,-0.46347,Union Populaire 79,,79,Deux-Sèvres,,79,département,,,@,@,unionpopulaire79,@,@,@,
Nouvelle-Aquitaine,,,,,79,Deux-Sèvres,,79-1,1ère circonscription,,,@,@,,@,@,@,
Nouvelle-Aquitaine,,,,,79,Deux-Sèvres,,79-2,2e circonscription,,,@,@,,@,@,@,
Nouvelle-Aquitaine,,,,,79,Deux-Sèvres,,79-3,3e circonscription,,,@,@,,@,@,@,
Nouvelle-Aquitaine,46.56632,0.63033,Vienne,,86,Vienne,,86,département,,,@,@,lavienneinsoumise86,,,,
Nouvelle-Aquitaine,,,,,86,Vienne,,86-1,1ère circonscription,,,@,@,,@,@,@,
Nouvelle-Aquitaine,,,,,86,Vienne,,86-2,2e circonscription,,,@,@,,@,@,@,
Nouvelle-Aquitaine,,,,,86,Vienne,,86-3,3e circonscription,,,@,@,,@,@,@,
Nouvelle-Aquitaine,,,,,86,Vienne,,86-4,4e circonscription,,,@,@,,@,@,@,
Limousin,45.73873,1.74601,Limousin,,87,Haute-Vienne,,87,région,,,@,@,unionpopulaire_limousin,,,,
Nouvelle-Aquitaine,,,,,87,Haute-Vienne,,87-1,1ère circonscription,,,@,@,,@,@,@,
Nouvelle-Aquitaine,,,,,87,Haute-Vienne,,87-2,2e circonscription,,,@,@,,@,@,@,
Nouvelle-Aquitaine,,,,,87,Haute-Vienne,,87-3,3e circonscription,,,@,@,,@,@,@,
Occitanie,,,région Occitanie ,https://twitter.com/OccitaniePop,,,,9,région,,,@OccitaniePop,@,,@,@,@,
Occitanie,,,,,9,Ariège,,9-1,1ère circonscription,,,@,@,,@,@,@,
Occitanie,,,,,9,Ariège,,9-2,2e circonscription,,,@,@,,@,@,@,
Occitanie,,,,,11,Aude,,11-1,1ère circonscription,,,@,@,,@,@,@,
Occitanie,,,,,11,Aude,,11-2,2e circonscription,,,@,@,,@,@,@,
Occitanie,,,,,11,Aude,,11-3,3e circonscription,,,@,@,,@,@,@,
Occitanie,,,,,12,Aveyron,,12-1,1ère circonscription,,,@,@,,@,@,@,
Occitanie,,,,,12,Aveyron,,12-2,2e circonscription,,,@,@,,@,@,@,
Occitanie,,,,,12,Aveyron,,12-3,3e circonscription,,,@,@,,@,@,@,
Occitanie,,,,,30,Gard,,30-1,1ère circonscription,,,@,@,,@,@,@,
Occitanie,,,,,30,Gard,,30-2,2e circonscription,,,@,@,,@,@,@,
Occitanie,,,,,30,Gard,,30-3,3e circonscription,,,@,@,,@,@,@,
Occitanie,,,,,30,Gard,,30-4,4e circonscription,,,@,@,,@,@,@,
Occitanie,,,,,30,Gard,,30-5,5e circonscription,,,@,@,,@,@,@,
Occitanie,,,,,30,Gard,,30-6,6e circonscription,,,@,@,,@,@,@,
Occitanie,,,,,31,Haute-Garonne,,31-1,1ère circonscription,,,@,@,,@,@,@,
Occitanie,,,,,31,Haute-Garonne,,31-2,2e circonscription,,,@,@,,@,@,@,
Occitanie,,,,,31,Haute-Garonne,,31-3,3e circonscription,,,@,@,,@,@,@,
Occitanie,,,,,31,Haute-Garonne,,31-4,4e circonscription,,,@,@,,@,@,@,
Occitanie,,,,,31,Haute-Garonne,,31-5,5e circonscription,,,@,@,,@,@,@,
Occitanie,,,,,31,Haute-Garonne,,31-6,6e circonscription,,,@,@,,@,@,@,
Occitanie,,,,,31,Haute-Garonne,,31-7,7e circonscription,,,@,@,,@,@,@,
Occitanie,,,,,31,Haute-Garonne,,31-8,8e circonscription,,,@,@,,@,@,@,
Occitanie,,,,,31,Haute-Garonne,,31-9,9e circonscription,,,@,@,,@,@,@,
Occitanie,,,,,31,Haute-Garonne,,31-10,10e circonscription,,,@,@,,@,@,@,
Occitanie,,,,,32,Gers,,32-1,1ère circonscription,,,@,@,,@,@,@,
Occitanie,,,,,32,Gers,,32-2,2e circonscription,,,@,@,,@,@,@,
Occitanie,,,,,34,Hérault,,34-1,1ère circonscription,,,@,@,,@,@,@,
Occitanie,43.61082,3.88157,Jeunes Insoumis.es Montpellier,https://twitter.com/JFIMontpellier,34,Hérault,,34,jeunes,,,@JFIMontpellier,@,jeunesinsoumis.es_mtp,@,@,@,
Occitanie,,,,,34,Hérault,,34-2,2e circonscription,,,@,@,,@,@,@,
Occitanie,,,,,34,Hérault,,34-3,3e circonscription,,,@,@,,@,@,@,
Occitanie,,,,,34,Hérault,,34-4,4e circonscription,,,@,@,,@,@,@,
Occitanie,,,,,34,Hérault,,34-5,5e circonscription,,,@,@,,@,@,@,
Occitanie,,,,,34,Hérault,,34-6,6e circonscription,,,@,@,,@,@,@,
Occitanie,,,,,34,Hérault,,34-7,7e circonscription,,,@,@,,@,@,@,
Occitanie,,,,,34,Hérault,,34-8,8e circonscription,,,@,@,,@,@,@,
Occitanie,,,,,34,Hérault,,34-9,9e circonscription,,,@,@,,@,@,@,
Occitanie,,,,,46,Lot,,46-1,1ère circonscription,,,@,@,,@,@,@,
Occitanie,,,,,46,Lot,,46-2,2e circonscription,,,@,@,,@,@,@,
Occitanie,44.52096,3.49601,Lozère,,48,Lozère,,48,département,,,@,@,union.populaire.lozere,@,@,@,
Occitanie,,,,,48,Lozère,,48-1,1ère circonscription,,,@,@,,@,@,@,
Occitanie,,,,,65,Hautes-Pyrénées,,65-1,1ère circonscription,,,@,@,,@,@,@,
Occitanie,,,,,65,Hautes-Pyrénées,,65-2,2e circonscription,,,@,@,,@,@,@,
Occitanie,,,,,66,Pyrénées-Orientales,,66-1,1ère circonscription,,,@,@,,@,@,@,
Occitanie,,,,,66,Pyrénées-Orientales,,66-2,2e circonscription,,,@,@,,@,@,@,
Occitanie,,,,,66,Pyrénées-Orientales,,66-3,3e circonscription,,,@,@,,@,@,@,
Occitanie,,,,,66,Pyrénées-Orientales,,66-4,4e circonscription,,,@,@,,@,@,@,
Occitanie,,,,,81,Tarn,,81-1,1ère circonscription,,,@,@,,@,@,@,
Occitanie,,,,,81,Tarn,,81-2,2e circonscription,,,@,@,,@,@,@,
Occitanie,,,,,81,Tarn,,81-3,3e circonscription,,,@,@,,@,@,@,
Occitanie,,,,,82,Tarn-et-Garonne,,82-1,1ère circonscription,,,@,@,,@,@,@,
Occitanie,,,,,82,Tarn-et-Garonne,,82-2,2e circonscription,,,@,@,,@,@,@,
Pays de la Loire,,,région Pays de la Loire ,,,,,44,région,,,@,@,,@,@,@,
Pays de la Loire,47.24563,-1.54784,Loire-Atlantique,https://twitter.com/unionpop44,44,Loire-Atlantique,,44,département,,,@unionpop44,@UnionPopulaire44,UnionPopulaire44,@,@,@,
Pays de la Loire,,,,,44,Loire-Atlantique,,44-1,1ère circonscription,,,@,@,,@,@,@,
Pays de la Loire,47.22055,-1.54545,Jeunes Insoumis.es Nantais.es,https://twitter.com/JINantes,44,Loire-Atlantique,,44,jeunes,,,@JINantes,@,,@,@,@,
Pays de la Loire,,,,,44,Loire-Atlantique,,44-2,2e circonscription,,,@,@,,@,@,@,
Pays de la Loire,,,,,44,Loire-Atlantique,,44-3,3e circonscription,,,@,@,,@,@,@,
Pays de la Loire,,,,,44,Loire-Atlantique,,44-4,4e circonscription,,,@,@,,@,@,@,
Pays de la Loire,,,,,44,Loire-Atlantique,,44-5,5e circonscription,,,@,@,,@,@,@,
Pays de la Loire,47.56656,-1.62103,6ème circonscription de la Loire-Atlantique,,44,Loire-Atlantique,,44-6,6e circonscription,,,@,@,unionpopulaire44_circo06,@,@,@,
Pays de la Loire,,,,,44,Loire-Atlantique,,44-7,7e circonscription,,,@,@,,@,@,@,
Pays de la Loire,47.2689,-2.2218,Saint Nazaire,,44,Loire-Atlantique,,44,ville,,,@,@,unionpopulaire.stnazaire,@,@,@,
Pays de la Loire,47.31842,-2.07506,Union Populaire de Donges,,44,Loire-Atlantique,,44-8,8e circonscription,,,@,@,dongespopulaire,@,@,@,
Pays de la Loire,,,,,44,Loire-Atlantique,,44-9,9e circonscription,,,@,@,,@,@,@,
Pays de la Loire,47.14965,-1.46825,Union populaire-Vignoble Nantais (44/10ème),https://twitter.com/UPCircoVignoble,44,Loire-Atlantique,,44-10,10e circonscription,,,@UPCircoVignoble,@,upcircovignoble,@,@,@,
Pays de la Loire,47.47406,-0.54488,Jeunes Insoumis.es Angers,https://twitter.com/JeunesFIAngers,49,Maine-et-Loire,,49,jeunes,,,@JeunesFIAngers,@,,@,@,@,
Pays de la Loire,47.46525,-0.55095,Angers,,49,Maine-et-Loire,,49,ville,,,@,@,unionpopangers,@,@,@,
Pays de la Loire,,,,,49,Maine-et-Loire,,49-1,1ère circonscription,,,@,@,,@,@,@,
Pays de la Loire,,,,,49,Maine-et-Loire,,49-2,2e circonscription,,,@,@,,@,@,@,
Pays de la Loire,,,,,49,Maine-et-Loire,,49-3,3e circonscription,,,@,@,,@,@,@,
Pays de la Loire,,,,,49,Maine-et-Loire,,49-4,4e circonscription,,,@,@,,@,@,@,
Pays de la Loire,,,,,49,Maine-et-Loire,,49-5,5e circonscription,,,@,@,,@,@,@,
Pays de la Loire,,,,,49,Maine-et-Loire,,49-6,6e circonscription,,,@,@,,@,@,@,
Pays de la Loire,,,,,49,Maine-et-Loire,,49-7,7e circonscription,,,@,@,,@,@,@,
Pays de la Loire,48.19483,-0.66283,Les Jeunes Insoumis de Mayenne,,53,Mayenne,,53,jeunes,,,@,@,ji_mayenne,@,@,@,
Pays de la Loire,48.06608,-0.77010,Laval,,53,Mayenne,,53,ville,,,@,@,les_insoumis.es_de_laval,@,@,@,
Pays de la Loire,,,,,53,Mayenne,,53-1,1ère circonscription,,,@,@,,@,@,@,
Pays de la Loire,,,,,53,Mayenne,,53-2,2e circonscription,,,@,@,,@,@,@,
Pays de la Loire,,,,,53,Mayenne,,53-3,3e circonscription,,,@,@,,@,@,@,
Pays de la Loire,48.00324,0.22559,Sarthe,,72,Sarthe,,72,département,,,@,@,union_populaire_72,@,@,@,
Pays de la Loire,,,,,72,Sarthe,,72-1,1ère circonscription,,,@,@,,@,@,@,
Pays de la Loire,,,,,72,Sarthe,,72-2,2e circonscription,,,@,@,,@,@,@,
Pays de la Loire,,,,,72,Sarthe,,72-3,3e circonscription,,,@,@,,@,@,@,
Pays de la Loire,,,,,72,Sarthe,,72-4,4e circonscription,,,@,@,,@,@,@,
Pays de la Loire,,,,,72,Sarthe,,72-5,5e circonscription,,,@,@,,@,@,@,
Pays de la Loire,46.6938,-1.3531,Union Populaire 85,https://twitter.com/unionpop_85_22,85,Vendée,,85,département,,,@unionpop_85_22,@,unionpop_85,@,@,@,
Pays de la Loire,,,,,85,Vendée,,85-1,1ère circonscription,,,@,@,,@,@,@,
Pays de la Loire,46.66778,-1.42800,Jeunes insoumis·es La Roche-sur-Yon,https://twitter.com/JeunesFI85,85,Vendée,,85,jeunes,,,@JeunesFI85,@,jeunesfi85,@,@,@,
Pays de la Loire,,,,,85,Vendée,,85-2,2e circonscription,,,@,@,,@,@,@,
Pays de la Loire,,,,,85,Vendée,,85-3,3e circonscription,,,@,@,,@,@,@,
Pays de la Loire,,,,,85,Vendée,,85-4,4e circonscription,,,@,@,,@,@,@,
Pays de la Loire,,,,,85,Vendée,,85-5,5e circonscription,,,@,@,,@,@,@,
Provence-Alpes-Côte d'Azur,,,région Provence-Alpes-Côte d'Azur ,,,,,4,région,,,@,@,,@,@,@,
Provence-Alpes-Côte d'Azur,,,,,4,Alpes-de-Haute-Provence,,4-1,1ère circonscription,,,@,@,,@,@,@,
Provence-Alpes-Côte d'Azur,,,,,4,Alpes-de-Haute-Provence,,4-2,2e circonscription,,,@,@,,@,@,@,
Provence-Alpes-Côte d'Azur,,,,,5,Hautes-Alpes,,5-1,1ère circonscription,,,@,@,,@,@,@,
Provence-Alpes-Côte d'Azur,,,,,5,Hautes-Alpes,,5-2,2e circonscription,,,@,@,,@,@,@,
Provence-Alpes-Côte d'Azur,43.70457,7.26975,Jeunes Insoumis.es Nice,https://twitter.com/JFINice,6,Alpes-Maritimes,,5,jeunes,,,@JFINice,@JeunesInsoumisNice,jeunesinsoumis.esnice,@,@,@,
Provence-Alpes-Côte d'Azur,,,,,6,Alpes-Maritimes,,6-1,1ère circonscription,,,@,@,,@,@,@,
Provence-Alpes-Côte d'Azur,,,,,6,Alpes-Maritimes,,6-2,2e circonscription,,,@,@,,@,@,@,
Provence-Alpes-Côte d'Azur,,,,,6,Alpes-Maritimes,,6-3,3e circonscription,,,@,@,,@,@,@,
Provence-Alpes-Côte d'Azur,,,,,6,Alpes-Maritimes,,6-4,4e circonscription,,,@,@,,@,@,@,
Provence-Alpes-Côte d'Azur,,,,,6,Alpes-Maritimes,,6-5,5e circonscription,,,@,@,,@,@,@,
Provence-Alpes-Côte d'Azur,,,,,6,Alpes-Maritimes,,6-6,6e circonscription,,,@,@,,@,@,@,
Provence-Alpes-Côte d'Azur,43.58439,7.11956,Antibes,,6,Alpes-Maritimes,,,ville,,,@,@,union_populaire_antibes,@,@,@,
Provence-Alpes-Côte d'Azur,,,,,6,Alpes-Maritimes,,6-7,7e circonscription,,,@,@,,@,@,@,
Provence-Alpes-Côte d'Azur,43.5395,6.9453,Nouvelle Union Populaire - Alpes Maritimes 8ème,,6,Alpes-Maritimes,,6-8,8e circonscription,,,@,@,unionpopulaire_06_8eme,@,@,@,
Provence-Alpes-Côte d'Azur,,,,,6,Alpes-Maritimes,,6-9,9e circonscription,,,@,@,,@,@,@,
Provence-Alpes-Côte d'Azur,,,,,13,Bouches-du-Rhône,,13-1,1ère circonscription,,,@,@,,@,@,@,
Provence-Alpes-Côte d'Azur,,,,,13,Bouches-du-Rhône,,13-2,2e circonscription,,,@,@,,@,@,@,
Provence-Alpes-Côte d'Azur,,,,,13,Bouches-du-Rhône,,13-3,3e circonscription,,,@,@,,@,@,@,
Provence-Alpes-Côte d'Azur,,,,,13,Bouches-du-Rhône,,13-4,4e circonscription,,,@,@,,@,@,@,
Provence-Alpes-Côte d'Azur,,,,,13,Bouches-du-Rhône,,13-5,5e circonscription,,,@,@,,@,@,@,
Provence-Alpes-Côte d'Azur,,,,,13,Bouches-du-Rhône,,13-6,6e circonscription,,,@,@,,@,@,@,
Provence-Alpes-Côte d'Azur,,,,,13,Bouches-du-Rhône,,13-7,7e circonscription,,,@,@,,@,@,@,
Provence-Alpes-Côte d'Azur,43.36118,5.35293,FI Marseille Nord,https://twitter.com/FI_MarsQN,13,Bouches-du-Rhône,,13,,,,@FI_MarsQN,@,,@,@,@,
Provence-Alpes-Côte d'Azur,43.64169,5.09514,Salon de Provence,,13,Bouches-du-Rhône,,13,ville,,,@,@,salon.insoumise,@,@,@,
Provence-Alpes-Côte d'Azur,,,,,13,Bouches-du-Rhône,,13-8,8e circonscription,,,@,@,,@,@,@,
Provence-Alpes-Côte d'Azur,,,,,13,Bouches-du-Rhône,,13-9,9e circonscription,,,@,@,,@,@,@,
Provence-Alpes-Côte d'Azur,,,,,13,Bouches-du-Rhône,,13-10,10e circonscription,,,@,@,,@,@,@,
Provence-Alpes-Côte d'Azur,,,,,13,Bouches-du-Rhône,,13-11,11e circonscription,,,@,@,,@,@,@,
Provence-Alpes-Côte d'Azur,,,,,13,Bouches-du-Rhône,,13-12,12e circonscription,,,@,@,,@,@,@,
Provence-Alpes-Côte d'Azur,,,,,13,Bouches-du-Rhône,,13-13,13e circonscription,,,@,@,,@,@,@,
Provence-Alpes-Côte d'Azur,,,,,13,Bouches-du-Rhône,,13-14,14e circonscription,,,@,@,,@,@,@,
Provence-Alpes-Côte d'Azur,,,,,13,Bouches-du-Rhône,,13-15,15e circonscription,,,@,@,,@,@,@,
Provence-Alpes-Côte d'Azur,,,,,13,Bouches-du-Rhône,,13-16,16e circonscription,,,@,@,,@,@,@,
Provence-Alpes-Côte d'Azur,,,,,83,Var,,83-1,1ère circonscription,,,@,@,,@,@,@,
Provence-Alpes-Côte d'Azur,,,,,83,Var,,83-2,2e circonscription,,,@,@,,@,@,@,
Provence-Alpes-Côte d'Azur,,,,,83,Var,,83-3,3e circonscription,,,@,@,,@,@,@,
Provence-Alpes-Côte d'Azur,,,,,83,Var,,83-4,4e circonscription,,,@,@,,@,@,@,
Provence-Alpes-Côte d'Azur,43.4812,6.5200,L’Union Populaire de l’Est Var,https://twitter.com/unionpopestvar,83,Var (Est),,83,département,,,@unionpopestvar,@,,@,@,@,
Provence-Alpes-Côte d'Azur,,,,,83,Var,,83-5,5e circonscription,,,@,@,,@,@,@,
Provence-Alpes-Côte d'Azur,,,,,83,Var,,83-6,6e circonscription,,,@,@,,@,@,@,
Provence-Alpes-Côte d'Azur,,,,,83,Var,,83-7,7e circonscription,,,@,@,,@,@,@,
Provence-Alpes-Côte d'Azur,43.5580,6.0051,Union populaire 83 08,,83,Var,,83-8,8e circonscription,,,@,@,unionpopulaire.8308,@,@,@,
Provence-Alpes-Côte d'Azur,43.95231,4.80752,Compte officiel des jeunes insoumis d’Avignon,,84,Vaucluse,,84,jeunes,,,@,@JeunesInsoumisAvignon,jeunesinsoumis_avignon,@,@,@,
Provence-Alpes-Côte d'Azur,,,,,84,Vaucluse,,84-1,1ère circonscription,,,@,@,,@,@,@,
Provence-Alpes-Côte d'Azur,,,,,84,Vaucluse,,84-2,2e circonscription,,,@,@,,@,@,@,
Provence-Alpes-Côte d'Azur,,,,,84,Vaucluse,,84-3,3e circonscription,,,@,@,,@,@,@,
Provence-Alpes-Côte d'Azur,,,,,84,Vaucluse,,84-4,4e circonscription,,,@,@,,@,@,@,
Provence-Alpes-Côte d'Azur,,,,,84,Vaucluse,,84-5,5e circonscription,,,@,@,,@,@,@,
Guadeloupe,,,région Guadeloupe,,971,Guadeloupe,,971,région,,,@,@,,@,@,@,
Guadeloupe,16.25125,-61.54491,Guadeloupe,https://twitter.com/UnionPopGwada,971,Guadeloupe,,971,région,,,@UnionPopGwada,@,unionpopgwada,@,@,@,
Guadeloupe,,,,,971,Guadeloupe,,971-1,1ère circonscription,,,@,@,,@,@,@,
Guadeloupe,,,,,971,Guadeloupe,,971-2,2e circonscription,,,@,@,,@,@,@,
Guadeloupe,16.20558,-61.49636,Le Gosier,,971,Guadeloupe,,971,ville,,,@,@,gozyeinsoumise,@,@,@,
Guadeloupe,,,,,971,Guadeloupe,,971-3,3e circonscription,,,@,@,,@,@,@,
Guadeloupe,,,,,971,Guadeloupe,,971-4,4e circonscription,,,@,@,,@,@,@,
Guyane,,,région Guyane,,973,Guyane,,973,région,,,@,@,,@,@,@,
Guyane,,,,,973,Guyane,,973-1,1ère circonscription,,,@,@,,@,@,@,
Guyane,,,,,973,Guyane,,973-2,2e circonscription,,,@,@,,@,@,@,
Martinique,,,région Martinique,,972,Martinique,,972,région,,,@,@,,@,@,@,
Martinique,,,,,972,Martinique,,972-1,1ère circonscription,,,@,@,,@,@,@,
Martinique,,,,,972,Martinique,,972-2,2e circonscription,,,@,@,,@,@,@,
Martinique,,,,,972,Martinique,,972-3,3e circonscription,,,@,@,,@,@,@,
Martinique,,,,,972,Martinique,,972-4,4e circonscription,,,@,@,,@,@,@,
La Réunion,-21.12659,55.47386,région La Réunion,,974,La Réunion,,974,région,,,@,@,lunionpopulaire974,@,@,@,
La Réunion,,,,,974,La Réunion,,974-1,1ère circonscription,,,@,@,,@,@,@,
La Réunion,,,,,974,La Réunion,,974-2,2e circonscription,,,@,@,,@,@,@,
La Réunion,,,,,974,La Réunion,,974-3,3e circonscription,,,@,@,,@,@,@,
La Réunion,,,,,974,La Réunion,,974-4,4e circonscription,,,@,@,,@,@,@,
La Réunion,,,,,974,La Réunion,,974-5,5e circonscription,,,@,@,,@,@,@,
La Réunion,,,,,974,La Réunion,,974-6,6e circonscription,,,@,@,,@,@,@,
La Réunion,,,,,974,La Réunion,,974-7,7e circonscription,,,@,@,,@,@,@,
Mayotte,,,région Mayotte,,976,Mayotte,,976,région,,,@,@,,@,@,@,
Mayotte,,,,,976,Mayotte,,976-1,1ère circonscription,,,@,@,,@,@,@,
Mayotte,,,,,976,Mayotte,,976-2,2e circonscription,,,@,@,,@,@,@,
Polynésie Française,,,région Polynésie Française,,987,Polynésie Française,,987,région,,,@,@,,@,@,@,
Polynésie Française,,,,,987,Polynésie Française,,987-1,1ère circonscription,,,@,@,,@,@,@,
Polynésie Française,,,,,987,Polynésie Française,,987-2,2e circonscription,,,@,@,,@,@,@,
Polynésie Française,,,,,987,Polynésie Française,,987-3,3e circonscription,,,@,@,,@,@,@,
Saint-Barthélémy,,,région Saint-Barthélémy,,977,Saint-Barthélémy,,977,région,,,@,@,,@,@,@,
Saint-Barthélémy,,,,,977,Saint-Barthélémy,,977,1ère circonscription,,,@,@,,@,@,@,
Saint-Martin,,,région Saint-Martin,,978,Saint-Martin,,978,région,,,@,@,,@,@,@,
Saint-Martin,,,,,978,Saint-Martin,,978-1,1ère circonscription,,,@,@,,@,@,@,
Saint-Pierre-et-Miquelon,,,région Saint-Pierre-et-Miquelon,,975,Saint-Pierre-et-Miquelon,,975,région,,,@,@,,@,@,@,
Saint-Pierre-et-Miquelon,,,,,975,Saint-Pierre-et-Miquelon,,975-1,1ère circonscription,,,@,@,,@,@,@,
Wallis-et-Futuna,,,région Wallis-et-Futuna,,986,Wallis-et-Futuna,,986,région,,,@,@,,@,@,@,
Wallis-et-Futuna,,,,,986,Wallis-et-Futuna,,986-1,1ère circonscription,,,@,@,,@,@,@,
Nouvelle-Calédonie,,,région Nouvelle-Calédonie,,988,Nouvelle-Calédonie,,988,région,,,@,@,,@,@,@,
Nouvelle-Calédonie,,,,,988,Nouvelle-Calédonie,,988-1,1ère circonscription,,,@,@,,@,@,@,
Nouvelle-Calédonie,,,,,988,Nouvelle-Calédonie,,988-2,2e circonscription,,,@,@,,@,@,@,
Ile Clipperton,,,région Ile Clipperton,,,Ile Clipperton,,,région,,,@,@,,@,@,@,
Ile Clipperton,,,,,,Ile Clipperton,,,,,,@,@,,@,@,@,
Terres australes et antarctiques françaises,,,région Terres australes et antarctiques françaises,,,Terres australes et antarctiques françaises,,,région,,,@,@,,@,@,@,
Terres australes et antarctiques françaises,,,,,,Terres australes et antarctiques françaises,,,,,,@,@,,@,@,@,
Français de l'étranger,,,région Français de l'étranger ,,,,,,région,,,@,@,,@,@,@,
Français de l'étranger,,,Les États-Unis et le Canada,,999,Français de l'étranger,,999-1,1ère circonscription,,,@,@,,@,@,@,
Canada – USA,45.48923,-73.63333,France insoumise Canada États-Unis,https://twitter.com/InsoumisAmerica,,,,999-1,région,,,@InsoumisAmerica,@,,@,@lfi_circo1,@,
Français de l'étranger,,,"Le Mexique, l'Amérique centrale, les Caraïbes et l'Amérique du Sud",,999,Français de l'étranger,,999-2,2e circonscription,,,@,@,,@,@,,
Argentine,-34.58939,-58.45800,Buenos Aire,https://twitter.com/FI_Argentine,,,,999-2,région,,,@FI_Argentine,@,,@,@,@,
Français de l'étranger,,,"L'Europe du Nord (îles Britanniques, Scandinavie, Finlande et Pays baltes) ",,999,Français de l'étranger,,999-3,3e circonscription,,,@,@,,@,@,@,
Français de l'étranger,,,Le Benelux,,999,Français de l'étranger,,999-4,4e circonscription,,,@,@,,@,@,@,
Français de l'étranger,,,"La Péninsule Ibérique (incluant les Açores et les Canaries), Andorre et Monaco",,999,Français de l'étranger,,999-5,5e circonscription,,,@,@,,@,@,@,
Français de l'étranger,,,La Suisse et le Liechtenstein,,999,Français de l'étranger,,999-6,6e circonscription,,,@,@,,@,@,@,
Suisse,46.85352,8.18841,Union populaire Suisse,,,,,999-6,région,,,@,@,unionpopsuisse,@,@,@,
Français de l'étranger,,,L'Europe centrale (hors Suisse et Liechtenstein) et les Balkans,,999,Français de l'étranger,,999-7,7e circonscription,,,@,@,,@,@,@,
Europe Centrale,49.0880,22.5655,Europe Centrale,,,,,999-7,région,,,@,,unionpopfe7,@,@,@,
Français de l'étranger,,,"Chypre, Grèce, Israël, Italie, Malte, Turquie et Territoires palestiniens",,999,Français de l'étranger,,999-8,8e circonscription,,,@,@,,@,@,@,
Français de l'étranger,,,"Le Maghreb et l'Afrique de l'Ouest (hors Bénin, Ghana, Togo et Nigeria) ",,999,Français de l'étranger,,999-9,9e circonscription,,,@,@,,@,@,@,
Français de l'étranger,,,"Le Proche-Orient et la majeure partie de l'Afrique (Afrique centrale, orientale et australe et quatre pays d'Afrique de l'Ouest : Bénin, Ghana, Togo et Nigeria) ",,999,Français de l'étranger,,999-10,10e circonscription,,,@,@,,@,@,@,
Proche Orient et Afrique Centrale,20.911,34.694,Proche Orient et Afrique Centrale,,,,,999-10,région,,,@,@,10e_circonscription,@,@,@,
Français de l'étranger,,,"L'Europe de l'Est, la majeure partie de l'Asie (hors Moyen-Orient et Asie mineure) et l'Océanie",,999,Français de l'étranger,,999-11,11e circonscription,,,@,@,,@,@,@,
Europe de l’Est,49.1162,87.2845,Europe de l’Est,,,,,999-11,région,,,,,unionpopulaire11ecirco,@,@,@,
Cambodge,11.55791,104.90893,France Insoumise Cambodge,https://twitter.com/FI_Cambodge,,,,999-11,région,,,@FI_Cambodge,@,,@,@,@,
Malaisie,3.05296,101.67451,Union Populaire Malaisie,,,,,,région,,,@,@,unionpopulaire_malaisie,@,@,@,
Belgique,50.63281,5.56936,Liège,https://twitter.com/JLM2017Belgique,,,,,ville,,,@JLM2017Belgique,@,,@,@,@,
Europe du Nord,51.7112,0.4347,Union Populaire - Royaume-Uni/Irlande/Europe Nord,https://twitter.com/UPEuropeduNord,,,,,région,,,@UPEuropeduNord,@,,@,@,@,
Français de l'étranger,52.51876,13.40335,Berlin,,,,,,ville,,,@,@berlininsoumise,berlin_insoumise,@,@,@,
