Région,Latitude,Longitude,Libellé affiché,url_Tweeter,n_dep,Département,,n_circo,type,,,TWITTER,FACEBOOK,INSTAGRAM,TIKTOK,TWITCH,YOUTUBE,url_GA
Grand Est,49.7754,4.7256,Les Ardennes Insoumises,https://twitter.com/08Insoumises,8,Ardennes,,1,région,,,@,,,@,@,@,https://actionpopulaire.fr/groupes/1574fc57-93a8-4e93-971c-136636cbd86a/
Île-de-France,48.54054,2.66056,Jeunes Insoumis 77,https://twitter.com/77Jeunes,77,Seine-et-Marne,,1-1,1ère circonscription,,,@,JeunesFIcaen,,@,@,@,https://actionpopulaire.fr/groupes/1c23c2df-1e85-4e88-a997-28d7bd1f0227/
Île-de-France,48.91227,2.33338,Union Populaire 93-01,https://twitter.com/9301_UnionPop,93,Seine-Saint-Denis,,1-2,2e circonscription,,,@,,,@,@,@,https://actionpopulaire.fr/groupes/37023b55-8565-4b8e-a489-b66bea82ca1d/
Île-de-France,48.80015,2.41801,Alfortville,https://twitter.com/AlfortvilleLFI,94,Val-de-Marne,,1,région,,,@JeunesFI85,JeunesFI85,jeunesfi85,@,@,@,https://actionpopulaire.fr/groupes/56217c09-ab23-4d08-8f21-d9ac0194ea79/
Île-de-France,48.79640,2.33137,Cachan,https://twitter.com/CachanFi,94,Val-de-Marne,,1-3,3e circonscription,,,@gafilaval,,les_insoumis.es_de_laval,@,@,@,https://actionpopulaire.fr/groupes/625cee18-5127-4c49-bf5b-34c0f28121a8/
Île-de-France,48.81537,2.52383,Champigny-sur-Marne,https://twitter.com/Champ_insoumise,94,Val-de-Marne,,1-4,4e circonscription,,,@,,,@,@,@,https://actionpopulaire.fr/groupes/789cca60-1c26-455d-9e7e-657d187b4afc/
Île-de-France,48.8575,2.3618,75-07 Union Populaire - 7e circonscription de Paris,https://twitter.com/circo7507,75,Paris,,1,ville,,,@JI_valenciennes,,melenchon_2022_valenciennois,@,@,@,https://actionpopulaire.fr/groupes/9e29b078-9e18-4c6a-b7a7-bfad33241712/
Auvergne-Rhône-Alpes,45.77361,3.08711,Clermont-Fd avec Mélenchon,https://twitter.com/clermontavecjlm,63,Puy-de-Dôme,,1-5,5e circonscription,,,@JeunesFI_LH,,jeunes_insoumis.es_le_havre,@,@,@,https://actionpopulaire.fr/groupes/a8bd499b-e95b-4f8a-99bd-94d9ac4b148d/
Auvergne-Rhône-Alpes,45.79715,3.16820,Ensemble pour l'Union Populaire 63,https://twitter.com/EnsembleUnPop63,63,Puy-de-Dôme,,3-1,1ère circonscription,,,@JFI_Orleans,,jeunesinsoumis.es45,@,@,@,https://actionpopulaire.fr/groupes/ad9413f7-0dc5-4c97-8f95-4297efe9aeea/
Grand Est,48.59068,7.75815,Jeunes Insoumis·es Strasbourg,https://twitter.com/es_jeunes,67,Bas-Rhin,,3-2,2e circonscription,,,@EsEvreux,Jeunes Insoumis•es Évreux,ji.evreux,@,@,@,https://actionpopulaire.fr/groupes/bb5780d1-adee-426a-95a6-1ac9c82ef32e/
Normandie,49.01862,1.15569,Jeunes Insoumis•es Évreux,https://twitter.com/EsEvreux,27,Eure,,3-3,3e circonscription,,,@,,jeunesinsoumisales,@,@,@,https://actionpopulaire.fr/groupes/be50cc6a-0db7-4842-b366-3498148ebc52/
Argentine,-34.58939,-58.45800,Buenos Aire,https://twitter.com/FI_Argentine,,,,7,département,,,@,,,@,@,@,https://actionpopulaire.fr/groupes/be9ff1bf-7f76-434c-9d8a-9b7fd62e1e75/
Cambodge,11.55791,104.90893,France Insoumise Cambodge,https://twitter.com/FI_Cambodge,,,,7-1,1ère circonscription,,,@JI_Nancy_54,,,@,@,@,https://actionpopulaire.fr/groupes/f78821f4-9e9a-4291-9969-6c84581af402/
Provence-Alpes-Côte d'Azur,43.36118,5.35293,FI Marseille Nord,https://twitter.com/FI_MarsQN,13,Bouches-du-Rhône,,7-2,2e circonscription,,,@,,91.3_unionpopulaire,@,@,@,https://actionpopulaire.fr/groupes/ff895ab6-466a-4a95-b3c9-2972cbf49aaf/
Île-de-France,48.84902,2.55268,Noisy-le-Grand,https://twitter.com/fi_noisylegrand,93,Seine-Saint-Denis,,7-3,3e circonscription,,,@,,,@,@,@,
Île-de-France,48.8314,2.3577,Union Populaire - Paris 13e,https://twitter.com/FI_Paris13,75,Paris,,15-1,1ère circonscription,,,@,,,@,@,@,
Île-de-France,48.88757,2.34169,France insoumise Paris 18e,https://twitter.com/FI_Paris18,75,Paris,,15-2,2e circonscription,,,@,,,@,@,@,
Île-de-France,48.88253,2.38219,France Insoumise Paris 19e,https://twitter.com/FI_Paris19,75,Paris,,26-1,1ère circonscription,,,@LfiUpPaysDeGex,,,@,@,@,
Île-de-France,48.84299,2.35185,Union Populaire - Paris 5e,https://twitter.com/FI_Paris5,75,Paris,,26-2,2e circonscription,,,@,,,@,@,@,
Île-de-France,48.87741,2.33804,La France insoumise - Paris 9ème,https://twitter.com/FI_Paris9,75,Paris,,26-3,3e circonscription,,,@,,,@,@,@,
Île-de-France,48.8583,2.3403,France Insoumise #ParisCentre !,https://twitter.com/FI_ParisCentre,75,Paris,,26-4,4e circonscription,,,@,,unionpopulaire_oyonnax,@,@,@,
Centre-Val de Loire,47.3795,0.6972,Tours,https://twitter.com/FI_Tours,37,Indre-et-Loire,,38,ville,,,@,,,@,@,@,
Île-de-France,48.8655,2.3995,France Insoumise Paris 20e,https://twitter.com/FI20eme,75,Paris,,38,,,,@,,,@,@,@,
Île-de-France,48.7260,2.1773,Fi 91 5e,https://twitter.com/Fi915e1,91,Essonne,,38-1,1ère circonscription,,,@,,,@,@,@,
Île-de-France,48.8538,2.3698,La France Insoumise - Paris 11 Bastille φ,https://twitter.com/FIBastille11,75,Paris,,38-2,2e circonscription,,,@,,,@,@,@,
Hauts-de-France,50.36491,3.08649,Douai,https://twitter.com/FIDouai,59,Nord,,38-3,3e circonscription,,,@,,lesjeunesinsoumissud07,@,@,@,
Hauts-de-France,50.29279,2.77369,Arras,https://twitter.com/FIGrandArras,62,Pas-de-Calais,,38-4,4e circonscription,,,@,,,@,@,@,
Bretagne,48.30230,-3.95453,Finistère Insoumis,https://twitter.com/Finist_Insoumis,29,Finistère,,38-5,5e circonscription,,,@,,,@,@,@,
Centre-Val de Loire,47.9016,1.9093,Orléans,https://twitter.com/FIOrleansCentre,45,Loiret,,38-6,6e circonscription,,,@,,,@,@,@,
Île-de-France,48.8709,2.3552,Le 10ème insoumis,https://twitter.com/FIParis10e,75,Paris,,38-7,7e circonscription,,,@,,,@,@,@,
Hauts-de-France,50.69131,3.17507,Roubaix,https://twitter.com/FIRoubaix,59,Nord,,38-8,8e circonscription,,,@,,,@,@,@,
Pays de la Loire,48.06608,-0.77010,Laval,https://twitter.com/gafilaval,53,Mayenne,,38-9,9e circonscription,,,@,,,@,@,@,
Auvergne-Rhône-Alpes,45.7783,3.0867,Clermont-Ferrand,https://twitter.com/GInsoumiseClfd,63,Puy-de-Dôme,,38-10,10e circonscription,,,@,,,@,@,@,
Île-de-France,48.8502,2.3326,Les Insoumis•es - Paris 6e & 7e,https://twitter.com/insoumis_6_7,75,Paris,,42,jeunes,,,@,,,@,@,@,
Île-de-France,48.8991,2.2967,Insoumis 5e 92 φ,https://twitter.com/insoumis5e92,92,Hauts-de-Seine,,42-1,1ère circonscription,,,@,,,@,@,@,
Canada – USA,45.48923,-73.63333,France insoumise Canada États-Unis,https://twitter.com/InsoumisAmerica,,,,42-2,2e circonscription,,,@,,unionpopulaire_grenoble,@,@,@,
Nouvelle-Aquitaine,43.29649,-0.37482,Pau,https://twitter.com/InsoumisBearn,64,Pyrénées-Atlantiques,,42-3,3e circonscription,,,@,,union.populaire.gre.sud,@,@,@,
Bretagne,48.05006,-4.42716,Insoumis Finistere7e,https://twitter.com/insoumisfinist7,29,Finistère,,42-4,4e circonscription,,,@,,,@,@,@,
Hauts-de-France,50.6233,3.0515,Insoumis Lille Sud Wazemmes,https://twitter.com/InsoumisWazSud,59,Nord,,42-5,5e circonscription,,,@,,,@,@,@,
Normandie,49.49665,0.11058,Jeunes Insoumis•es Le Havre,https://twitter.com/JeunesFI_LH,76,Seine-Maritime,,42-6,6e circonscription,,,@,,,@,@,@,
Normandie,49.44228,1.09618,Jeunes Insoumis•es ROUEN,https://twitter.com/JeunesFI_Rouen,76,Seine-Maritime,,43-1,1ère circonscription,,,@,,,@,@,@,
Pays de la Loire,46.66778,-1.42800,Jeunes insoumis·es La Roche-sur-Yon,https://twitter.com/JeunesFI85,85,Vendée,,43-2,2e circonscription,,,@,,,@,@,@,
Pays de la Loire,47.47406,-0.54488,Jeunes Insoumis.es Angers,https://twitter.com/JeunesFIAngers,49,Maine-et-Loire,,63,ville,,,@,,,@,@,@,
Hauts-de-France,50.62477,3.05091,Jeunes Insoumis-es Lille,https://twitter.com/JeunesFILille,59,Nord,,63,,,,@,,,@,@,@,
Centre-Val de Loire,47.84131,1.93683,Jeunes insoumis•es Orléans,https://twitter.com/JFI_Orleans,45,Loiret,,63,jeunes,,,@,,,@,@,@,
Auvergne-Rhône-Alpes,45.78608,3.09928,Jeunes insoumis·es Clermont-Ferrand,https://twitter.com/JFIClermontFd,63,Puy-de-Dôme,,63-1,1ère circonscription,,,@,,,@,@,@,
Occitanie,43.61082,3.88157,Jeunes Insoumis.es Montpellier,https://twitter.com/JFIMontpellier,34,Hérault,,63-2,2e circonscription,,,@,,,@,@,@,
Provence-Alpes-Côte d'Azur,43.70457,7.26975,Jeunes Insoumis.es Nice,https://twitter.com/JFINice,6,Alpes-Maritimes,,63-3,3e circonscription,,,@,,jisaintetienne,@,@,@,
Île-de-France,48.73258,2.17241,Jeunes Insoumis•es Paris-Saclay,https://twitter.com/JFIParisSaclay,91,Essonne,,63-4,4e circonscription,,,@,,,@,@,@,
Grand Est,48.69548,6.16712,Les jeunes insoumis.es de Nancy,https://twitter.com/JI_Nancy_54,54,Meurthe-et-Moselle,,63-5,5e circonscription,,,@,,,@,@,@,
Hauts-de-France,50.3599,3.5268,Jeunes insoumis•es Valenciennes,https://twitter.com/JI_valenciennes,59,Nord,,69,,,,@,,,@,@,@,
Pays de la Loire,47.22055,-1.54545,Jeunes Insoumis.es Nantais.es,https://twitter.com/JINantes,44,Loire-Atlantique,,69-1,1ère circonscription,,,@,,,@,@,@,
Bretagne,47.99898,-4.10434,Jeunes Insoumis·es Quimper,https://twitter.com/JInQuimper,29,Finistère,,69,ville,,,@,,,@,@,@,
Grand Est,47.74534,7.33730,Jeunes Insoumis.es Mulhouse,https://twitter.com/jinsoumis68,68,Haut-Rhin,,69,jeunes,,,@,,,@,@,@,
Île-de-France,49.00007,2.27625,Jeunes Insoumis·es 95,https://twitter.com/JInsoumis95,95,Val-d'Oise,,69-2,2e circonscription,,,@,,,@,@,@,
Nouvelle-Aquitaine,43.30555,-0.37678,Les Jeunes Insoumis.es Pau,https://twitter.com/JInsoumisPau,64,Pyrénées-Atlantiques,,69-3,3e circonscription,,,@,,,@,@,@,
Belgique,50.63281,5.56936,Liège,https://twitter.com/JLM2017Belgique,,,,69-4,4e circonscription,,,@GinsoumiseClfd,,,@,@,@,
Île-de-France,48.8382,2.3607,Jeunes insoumis-es Sorbonne,https://twitter.com/LaSorbonneFI,75,Paris,,69-5,5e circonscription,,,@clermontavecjlm,,,@,@,@,
Île-de-France,48.67385,2.89786,Les insoumis du 77 φ,https://twitter.com/lesinsoumisdu77,77,Seine-et-Marne,,69-6,6e circonscription,,,@JFIClermontFd,,,@,@,@,
Île-de-France,48.79358,2.26217,Clamart Insoumise φ,https://twitter.com/LFI_Clamart92,92,Hauts-de-Seine,,69,ville,,,@EnsembleUnPop63,,,@,@,@,
Centre-Val de Loire,46.82463,1.69441,Indre,https://twitter.com/LFI36,36,Indre,,69-7,7e circonscription,,,@,,,@,@,@,
Auvergne-Rhône-Alpes,45.72595,4.82466,Lyon,https://twitter.com/LFiLyon,69,Rhône,,69-8,8e circonscription,,,@,,,@,@,@,
Île-de-France,48.8273,2.3215,L'Union Populaire - Paris 14e,https://twitter.com/LFIParis14,75,Paris,,69,ville,,,@,,,@,@,@,
Pays de Gex,46.28172,6.01062,LFI UP Pays de Gex,https://twitter.com/LfiUpPaysDeGex,1,Ain,,69-9,9e circonscription,,,@,,,@,@,@,
Grand Est,49.25819,4.02639,Marne,https://twitter.com/MarnePopulaire,51,Marne,,69-10,10e circonscription,,,@UnionPopLyon,,unionpopulairelyon,@,@,@,
Hauts-de-France,50.63744,3.05106,Lille,https://twitter.com/Melenchon_Lille,59,Nord,,69-11,11e circonscription,,,@,,,@,@,@,
Normandie,48.9661,0.4258,région Normandie Insoumise,https://twitter.com/NormandieLFI,14,Calvados,,69-12,12e circonscription,,,@LfiLyon,,lfilyon69,@,@,@,
Occitanie,,,région Occitanie ,https://twitter.com/OccitaniePop,,,,69-13,13e circonscription,,,@,JeunesInsoumis69,,@,@,@,
Hauts-de-France,49.2225,2.2872,Union Populaire-Oise 3e Circo-Législatives 2022,https://twitter.com/Oise3eCirco,60,Oise,,69-14,14e circonscription,,,@,,,@,@,@,
Île-de-France,48.79979,2.29055,Châtillon,https://twitter.com/Oise3eCirco,92,Hauts-de-Seine,,69M-1,1ère circonscription,,,@,,,@,@,@,
Île-de-France,48.69923,2.18811,Orsay,https://twitter.com/OrsayUP2022,91,Essonne,,69M-2,2e circonscription,,,@,,,@,@,@,
Île-de-France,48.79307,2.35352,Villejuif,https://twitter.com/PGVillejuif,95,Val-d'Oise,,69M-3,3e circonscription,,,@,,,@,@,@,
Île-de-France,48.90918,2.50386,Les-Pavillons-Sous-Bois,https://twitter.com/Seine10eme,93,Seine-Saint-Denis,,69M-4,4e circonscription,,,@,,,@,@,@,
Grand Est,48.58340,7.74583,Strasbourg,https://twitter.com/StrasbourgFI,67,Bas-Rhin,,69M-5,5e circonscription,,,@UP_Villeurbanne,,,@,@,@,
Nouvelle-Aquitaine,44.91510,-0.23469,Libourne,https://twitter.com/ULibournais,33,Gironde,,69M-6,6e circonscription,,,@,,,@,@,@,
Île-de-France,48.81269,2.21262,Union populaire - 8e circonscription du 92,https://twitter.com/Union_pop_9208,92,Hauts-de-Seine,,69M-7,7e circonscription,,,@,,,@,@,@,
Centre-Val de Loire,,,Union Populaire du Giennois (3ème Circo Loiret),https://twitter.com/Union3eme,45,Loiret,,69M-8,8e circonscription,,,@UnionpopVille69,unionpopulairevillefranchebeaujolais,,@,@,@,
Hauts-de-France,49.42391,2.81868,Union Populaire - Compiègne/Noyon,https://twitter.com/Union6eOise,60,Oise,,69M-9,9e circonscription,,,@,,,@,@,@,
Corse,42.26308,8.70975,Union Populaire 1ere circo Haute-Corse,https://twitter.com/UnionHauteCorse,2B,Haute-Corse,,69M-10,10e circonscription,,,@,,,@,@,@,
Pays de la Loire,46.6938,-1.3531,Union Populaire 85,https://twitter.com/unionpop_85_22,85,Vendée,,69M-11,11e circonscription,,,@,,,@,@,@,
Normandie,49.092014,1.482054,Union Populaire 27-05,https://twitter.com/UnionPop27,27,Eure,,69M-12,12e circonscription,,,@,,,@,@,@,
Pays de la Loire,47.24563,-1.54784,Loire-Atlantique,https://twitter.com/unionpop44,44,Loire-Atlantique,,69M-13,13e circonscription,,,@,,,@,@,@,
Bourgogne-Franche-Comté,46.45035,4.12151,Union Populaire - 2ème circo de Saône et Loire,https://twitter.com/UnionPop7102,71,Saône-et-Loire,,69M-14,14e circonscription,,,@,,,@,@,@,
Normandie,49.48313,0.87823,Union Populaire 76-5,https://twitter.com/UnionPop765,76,Seine-Maritime,,73-1,1ère circonscription,,,@,,,@,@,@,
Île-de-France,48.87012,2.60205,Union Populaire 77-10,https://twitter.com/UnionPop7710,77,Seine-et-Marne,,73-2,2e circonscription,,,@,,,@,@,@,
Île-de-France,48.90107,2.16245,Unionpop7804,https://twitter.com/unionpop7804,78,Yvelines,,73-3,3e circonscription,,,@,,,@,@,@,
Île-de-France,48.91968,2.12913,Union Populaire - 5e circonscription des Yvelines,https://twitter.com/unionpop7805,78,Yvelines,,73-4,4e circonscription,,,@,,,@,@,@,
Île-de-France,48.71440,2.24640,Palaiseau,https://twitter.com/UnionPop91120,91,Essonne,,74,département,,,@,,,@,@,@,
Île-de-France,48.85828,2.19089,Union Populaire 92 - 7ème circonscription,https://twitter.com/Unionpop92_7,92,Hauts-de-Seine,,74-1,1ère circonscription,,,@,,,@,@,@,
Île-de-France,48.75341283726293,2.288102188214731,Union Populaire 92-13,https://twitter.com/UnionPop9213,92,Hauts-de-Seine,,74-2,2e circonscription,,,@,,,@,@,@,
Île-de-France,48.90453,2.45787,Le 93 pour l’Union Populaire,https://twitter.com/UnionPop93,93,Seine-Saint-Denis,,74-3,3e circonscription,,,@,,,@,@,@,
Île-de-France,48.93025,2.49540,Union populaire circo 93-10,https://twitter.com/UnionPop93_10,93,Seine-Saint-Denis,,74-4,4e circonscription,,,@,,,@,@,@,
Provence-Alpes-Côte d'Azur,43.4812,6.5200,L’Union Populaire de l’Est Var,https://twitter.com/unionpopestvar,83,Var (Est),,74-5,5e circonscription,,,@,,,@,@,@,
Guadeloupe,16.25125,-61.54491,Guadeloupe,https://twitter.com/UnionPopGwada,971,Guadeloupe,,74-6,6e circonscription,,,@,,,@,@,@,
Auvergne-Rhône-Alpes,45.73985,4.85773,Union Populaire Lyon,https://twitter.com/UnionPopLyon,69,Rhône,,21,région,,,@,,,@,@,@,
Île-de-France,48.83998,2.28265,Union Populaire Paris 15e,https://twitter.com/UnionPopParis15,75,Paris,,21-1,1ère circonscription,,,@,,,@,@,@,
Bretagne,48.11486,-1.67429,Rennes,https://twitter.com/UnionPopRennes,35,Ille-et-Vilaine,,21-2,2e circonscription,,,@,,,@,@,@,
Auvergne-Rhône-Alpes,45.98244,4.71263,Villefranche-sur-Saône,https://twitter.com/UnionpopVille69,69,Rhône,,21-3,3e circonscription,,,@,,,@,@,@,
Grand Est,48.17057,6.44780,Union Populaire 88-01,https://twitter.com/UP_8801,88,Vosges,,21-4,4e circonscription,,,@,,,@,@,@,
Île-de-France,48.64420,2.22689,Union Populaire 91-4,https://twitter.com/up_91_4,91,Essonne,,21-5,5e circonscription,,,@,,,@,@,@,
Corse,42.1991,9.0462,Union Populaire - Corse,https://twitter.com/UP_Corsica,,Corse,,25-1,1ère circonscription,,,@,,,@,@,@,
Auvergne-Rhône-Alpes,45.77591,4.88839,Villeurbanne,https://twitter.com/UP_Villeurbanne,69,Rhône,,25-2,2e circonscription,,,@,,unionpopulaire74,,,,
Pays de la Loire,47.14965,-1.46825,Union populaire-Vignoble Nantais (44/10ème),https://twitter.com/UPCircoVignoble,44,Loire-Atlantique,,25-3,3e circonscription,,,@,,,@,@,@,
Europe du Nord,51.7112,0.4347,Union Populaire - Royaume-Uni/Irlande/Europe Nord,https://twitter.com/UPEuropeduNord,,,,25-4,4e circonscription,,,@,,,@,@,@,
Hauts-de-France,50.61124,2.98748,Haubourdin,https://twitter.com/UPHaubourdin,59,Nord,,25-5,5e circonscription,,,@,,,@,@,@,
Bretagne,48.1405,-1.6376,Union populaire Circo 35-02,https://twitter.com/UPop_Circo35_02,35,Ille-et-Vilaine,,39-1,1ère circonscription,,,@,,unionpop74.4,@,@,@,
Nouvelle-Aquitaine,43.33323,-0.43335,UnionPop64circo01,https://twitter.com/UPop64circo01,64,Pyrénées-Atlantiques,,39-2,2e circonscription,,,@,,,@,@,@,
Nouvelle-Aquitaine,43.34519,-0.26318,Union Pop Circo2,https://twitter.com/UPop64circo2,64,Pyrénées-Atlantiques,,39-3,3e circonscription,,,@,,,@,@,@,
Nouvelle-Aquitaine,43.39753,-0.56756,UnionPop64circo3,https://twitter.com/UPop64circo3,64,Pyrénées-Atlantiques,,58,jeunes,,,@,,,@,@,,
Île-de-France,48.78803,2.39307,Vitry-sur-Seine,https://twitter.com/VitryInsoumise,94,Val-de-Marne,,58-1,1ère circonscription,,,@,,,@,@,@,
