Région,Latitude,Longitude,Libellé affiché,url_Tweeter,n_dep,Département,,n_circo,type,,,TWITTER,PAGE FACEBOOK,INSTAGRAM,TIKTOK,TWITCH,YOUTUBE
,,,,https://twitter.com/UnionPopGwada,,,,,,,,,,,,,
,,,,https://twitter.com/UPHaubourdin,,,,,,,,,,,,,
,,,,https://twitter.com/FIGrandArras,,,,,,,,,,,,,
,,,,https://twitter.com/Union6eOise,,,,,,,,,,,,,
,,,,https://twitter.com/UnionPop765,,,,,,,,,,,,,
,,,,https://twitter.com/UnionPop27,27,,,,,,,,,,,,
,,,,https://twitter.com/UnionPop93,93,Île-de-France,,,,,,,,,,,
,,,,https://twitter.com/UnionpopPantin,,,,,,,,,,,,,
,,,,https://twitter.com/NSP_EHESS,,,,,,,,,,,,,
,,,,https://twitter.com/unionpop78,78,Île-de-France,,,,,,,,,,,
,,,,https://twitter.com/LFIVLB,,,,,,,,,,,,,
,,,,https://twitter.com/ZitZitoun9,,,,,,,,,,,,,
,,,,https://twitter.com/UnionPopLyon,,,,,,,,,,,,,
,,,,https://twitter.com/Insoumis_es12em,,,,,,,,,,,,,
Auvergne-Rhône-Alpes,,,région Auvergne-Rhône-Alpes ,,,,,,région,,,,,,,,
Auvergne-Rhône-Alpes,,,,,1,Ain,,1-1,1ère circonscription,,,@,@,@,@,@,@
Auvergne-Rhône-Alpes,,,,,1,Ain,,1-2,2e circonscription,,,@,@,@,@,@,@
Auvergne-Rhône-Alpes,,,,,1,Ain,,1-3,3e circonscription,,,@,@,@,@,@,@
Auvergne-Rhône-Alpes,,,,,1,Ain,,1-4,4e circonscription,,,@,@,@,@,@,@
Auvergne-Rhône-Alpes,,,,,1,Ain,,1-5,5e circonscription,,,@,@,@,@,@,@
Auvergne-Rhône-Alpes,,,,,3,Allier,,3-1,1ère circonscription,,,@,@,@,@,@,@
Auvergne-Rhône-Alpes,,,,,3,Allier,,3-2,2e circonscription,,,@,@,@,@,@,@
Auvergne-Rhône-Alpes,,,,,3,Allier,,3-3,3e circonscription,,,@,@,@,@,@,@
Auvergne-Rhône-Alpes,,,,,7,Ardèche,,7-1,1ère circonscription,,,@,@,@,@,@,@
Auvergne-Rhône-Alpes,,,,,7,Ardèche,,7-2,2e circonscription,,,@,@,@,@,@,@
Auvergne-Rhône-Alpes,,,,,7,Ardèche,,7-3,3e circonscription,,,@,@,@,@,@,@
Auvergne-Rhône-Alpes,,,,,15,Cantal,,15-1,1ère circonscription,,,@,@,@,@,@,@
Auvergne-Rhône-Alpes,,,,,15,Cantal,,15-2,2e circonscription,,,@,@,@,@,@,@
Auvergne-Rhône-Alpes,,,,,26,Drôme,,26-1,1ère circonscription,,,@,@,@,@,@,@
Auvergne-Rhône-Alpes,,,,,26,Drôme,,26-2,2e circonscription,,,@,@,@,@,@,@
Auvergne-Rhône-Alpes,,,,,26,Drôme,,26-3,3e circonscription,,,@,@,@,@,@,@
Auvergne-Rhône-Alpes,,,,,26,Drôme,,26-4,4e circonscription,,,@,@,@,@,@,@
Auvergne-Rhône-Alpes,,,,,38,Isère,,38-1,1ère circonscription,,,@,@,@,@,@,@
Auvergne-Rhône-Alpes,,,,,38,Isère,,38-2,2e circonscription,,,@,@,@,@,@,@
Auvergne-Rhône-Alpes,,,,,38,Isère,,38-3,3e circonscription,,,@,@,@,@,@,@
Auvergne-Rhône-Alpes,,,,,38,Isère,,38-4,4e circonscription,,,@,@,@,@,@,@
Auvergne-Rhône-Alpes,,,,,38,Isère,,38-5,5e circonscription,,,@,@,@,@,@,@
Auvergne-Rhône-Alpes,,,,,38,Isère,,38-6,6e circonscription,,,@,@,@,@,@,@
Auvergne-Rhône-Alpes,,,,,38,Isère,,38-7,7e circonscription,,,@,@,@,@,@,@
Auvergne-Rhône-Alpes,,,,,38,Isère,,38-8,8e circonscription,,,@,@,@,@,@,@
Auvergne-Rhône-Alpes,,,,,38,Isère,,38-9,9e circonscription,,,@,@,@,@,@,@
Auvergne-Rhône-Alpes,,,,,38,Isère,,38-10,10e circonscription,,,@,@,@,@,@,@
Auvergne-Rhône-Alpes,,,,,42,Loire,,42-1,1ère circonscription,,,@,@,@,@,@,@
Auvergne-Rhône-Alpes,,,,,42,Loire,,42-2,2e circonscription,,,@,@,@,@,@,@
Auvergne-Rhône-Alpes,,,,,42,Loire,,42-3,3e circonscription,,,@,@,@,@,@,@
Auvergne-Rhône-Alpes,,,,,42,Loire,,42-4,4e circonscription,,,@,@,@,@,@,@
Auvergne-Rhône-Alpes,,,,,42,Loire,,42-5,5e circonscription,,,@,@,@,@,@,@
Auvergne-Rhône-Alpes,,,,,42,Loire,,42-6,6e circonscription,,,@,@,@,@,@,@
Auvergne-Rhône-Alpes,,,,,43,Haute-Loire,,43-1,1ère circonscription,,,@,@,@,@,@,@
Auvergne-Rhône-Alpes,,,,,43,Haute-Loire,,43-2,2e circonscription,,,@,@,@,@,@,@
Auvergne-Rhône-Alpes,45.7783,3.0867,Clermont-Ferrand,https://twitter.com/GInsoumiseClfd,63,Puy-de-Dôme,,,ville,,,@GinsoumiseClfd,@,@,@,@,@
Auvergne-Rhône-Alpes,45.79715,3.16820,Ensemble pour l'Union Populaire 63,https://twitter.com/EnsembleUnPop63,63,Puy-de-Dôme,,63-1,1ère circonscription,,,@,@,@,@,@,@
Auvergne-Rhône-Alpes,,,,,63,Puy-de-Dôme,,63-2,2e circonscription,,,@,@,@,@,@,@
Auvergne-Rhône-Alpes,,,,,63,Puy-de-Dôme,,63-3,3e circonscription,,,@,@,@,@,@,@
Auvergne-Rhône-Alpes,,,,,63,Puy-de-Dôme,,63-4,4e circonscription,,,@,@,@,@,@,@
Auvergne-Rhône-Alpes,,,,,63,Puy-de-Dôme,,63-5,5e circonscription,,,@,@,@,@,@,@
Auvergne-Rhône-Alpes,,,,,69,Rhône,,69-1,1ère circonscription,,,@,@,@,@,@,@
Auvergne-Rhône-Alpes,45.72595,4.82466,Lyon,https://twitter.com/LFiLyon,69,Rhône,,,ville,,,,,,,,
Auvergne-Rhône-Alpes,,,,,69,Rhône,,69-2,2e circonscription,,,@,@,@,@,@,@
Auvergne-Rhône-Alpes,,,,,69,Rhône,,69-3,3e circonscription,,,@,@,@,@,@,@
Auvergne-Rhône-Alpes,,,,,69,Rhône,,69-4,4e circonscription,,,@,@,@,@,@,@
Auvergne-Rhône-Alpes,,,,,69,Rhône,,69-5,5e circonscription,,,@,@,@,@,@,@
Auvergne-Rhône-Alpes,,,,,69,Rhône,,69-6,6e circonscription,,,@,@,@,@,@,@
Auvergne-Rhône-Alpes,45.77591,4.88839,Villeurbanne,https://twitter.com/UP_Villeurbanne,69,Rhône,,,ville,,,@UP_Villeurbanne,@,@,@,@,@
Auvergne-Rhône-Alpes,,,,,69,Rhône,,69-7,7e circonscription,,,@,@,@,@,@,@
Auvergne-Rhône-Alpes,,,,,69,Rhône,,69-8,8e circonscription,,,@,@,@,@,@,@
Auvergne-Rhône-Alpes,,,,,69,Rhône,,69-9,9e circonscription,,,@,@,@,@,@,@
Auvergne-Rhône-Alpes,,,,,69,Rhône,,69-10,10e circonscription,,,@,@,@,@,@,@
Auvergne-Rhône-Alpes,,,,,69,Rhône,,69-11,11e circonscription,,,@,@,@,@,@,@
Auvergne-Rhône-Alpes,,,,,69,Rhône,,69-12,12e circonscription,,,@,@,@,@,@,@
Auvergne-Rhône-Alpes,,,,,69,Rhône,,69-13,13e circonscription,,,@,@,@,@,@,@
Auvergne-Rhône-Alpes,,,,,69,Rhône,,69-14,14e circonscription,,,@,@,@,@,@,@
Auvergne-Rhône-Alpes,,,,,69,Métropôle de Lyon,,69M-1,1ère circonscription,,,@,@,@,@,@,@
Auvergne-Rhône-Alpes,,,,,69,Métropôle de Lyon,,69M-2,2e circonscription,,,@,@,@,@,@,@
Auvergne-Rhône-Alpes,,,,,69,Métropôle de Lyon,,69M-3,3e circonscription,,,@,@,@,@,@,@
Auvergne-Rhône-Alpes,,,,,69,Métropôle de Lyon,,69M-4,4e circonscription,,,@,@,@,@,@,@
Auvergne-Rhône-Alpes,,,,,69,Métropôle de Lyon,,69M-5,5e circonscription,,,@,@,@,@,@,@
Auvergne-Rhône-Alpes,,,,,69,Métropôle de Lyon,,69M-6,6e circonscription,,,@,@,@,@,@,@
Auvergne-Rhône-Alpes,,,,,69,Métropôle de Lyon,,69M-7,7e circonscription,,,@,@,@,@,@,@
Auvergne-Rhône-Alpes,,,,,69,Métropôle de Lyon,,69M-8,8e circonscription,,,@,@,@,@,@,@
Auvergne-Rhône-Alpes,,,,,69,Métropôle de Lyon,,69M-9,9e circonscription,,,@,@,@,@,@,@
Auvergne-Rhône-Alpes,,,,,69,Métropôle de Lyon,,69M-10,10e circonscription,,,@,@,@,@,@,@
Auvergne-Rhône-Alpes,,,,,69,Métropôle de Lyon,,69M-11,11e circonscription,,,@,@,@,@,@,@
Auvergne-Rhône-Alpes,,,,,69,Métropôle de Lyon,,69M-12,12e circonscription,,,@,@,@,@,@,@
Auvergne-Rhône-Alpes,,,,,69,Métropôle de Lyon,,69M-13,13e circonscription,,,@,@,@,@,@,@
Auvergne-Rhône-Alpes,,,,,69,Métropôle de Lyon,,69M-14,14e circonscription,,,@,@,@,@,@,@
Auvergne-Rhône-Alpes,,,,,73,Savoie,,73-1,1ère circonscription,,,@,@,@,@,@,@
Auvergne-Rhône-Alpes,,,,,73,Savoie,,73-2,2e circonscription,,,@,@,@,@,@,@
Auvergne-Rhône-Alpes,,,,,73,Savoie,,73-3,3e circonscription,,,@,@,@,@,@,@
Auvergne-Rhône-Alpes,,,,,73,Savoie,,73-4,4e circonscription,,,@,@,@,@,@,@
Auvergne-Rhône-Alpes,,,,,74,Haute-Savoie,,74-1,1ère circonscription,,,@,@,@,@,@,@
Auvergne-Rhône-Alpes,,,,,74,Haute-Savoie,,74-2,2e circonscription,,,@,@,@,@,@,@
Auvergne-Rhône-Alpes,,,,,74,Haute-Savoie,,74-3,3e circonscription,,,@,@,@,@,@,@
Auvergne-Rhône-Alpes,,,,,74,Haute-Savoie,,74-4,4e circonscription,,,@,@,@,@,@,@
Auvergne-Rhône-Alpes,,,,,74,Haute-Savoie,,74-5,5e circonscription,,,@,@,@,@,@,@
Auvergne-Rhône-Alpes,,,,,74,Haute-Savoie,,74-6,6e circonscription,,,@,@,@,@,@,@
Bourgogne-Franche-Comté,,,région Bourgogne-Franche-Comté ,,,,,,région,,,,,,,,
Bourgogne-Franche-Comté,,,,,21,Côte-d'Or,,21-1,1ère circonscription,,,@,@,@,@,@,@
Bourgogne-Franche-Comté,,,,,21,Côte-d'Or,,21-2,2e circonscription,,,@,@,@,@,@,@
Bourgogne-Franche-Comté,,,,,21,Côte-d'Or,,21-3,3e circonscription,,,@,@,@,@,@,@
Bourgogne-Franche-Comté,,,,,21,Côte-d'Or,,21-4,4e circonscription,,,@,@,@,@,@,@
Bourgogne-Franche-Comté,,,,,21,Côte-d'Or,,21-5,5e circonscription,,,@,@,@,@,@,@
Bourgogne-Franche-Comté,,,,,25,Doubs,,25-1,1ère circonscription,,,@,@,@,@,@,@
Bourgogne-Franche-Comté,,,,,25,Doubs,,25-2,2e circonscription,,,@,@,@,@,@,@
Bourgogne-Franche-Comté,,,,,25,Doubs,,25-3,3e circonscription,,,@,@,@,@,@,@
Bourgogne-Franche-Comté,,,,,25,Doubs,,25-4,4e circonscription,,,@,@,@,@,@,@
Bourgogne-Franche-Comté,,,,,25,Doubs,,25-5,5e circonscription,,,@,@,@,@,@,@
Bourgogne-Franche-Comté,,,,,39,Jura,,39-1,1ère circonscription,,,@,@,@,@,@,@
Bourgogne-Franche-Comté,,,,,39,Jura,,39-2,2e circonscription,,,@,@,@,@,@,@
Bourgogne-Franche-Comté,,,,,39,Jura,,39-3,3e circonscription,,,@,@,@,@,@,@
Bourgogne-Franche-Comté,,,,,58,Nièvre,,58-1,1ère circonscription,,,@,@,@,@,@,@
Bourgogne-Franche-Comté,,,,,58,Nièvre,,58-2,2e circonscription,,,@,@,@,@,@,@
Bourgogne-Franche-Comté,,,,,70,Haute-Saône,,70-1,1ère circonscription,,,@,@,@,@,@,@
Bourgogne-Franche-Comté,,,,,70,Haute-Saône,,70-2,2e circonscription,,,@,@,@,@,@,@
Bourgogne-Franche-Comté,,,,,71,Saône-et-Loire,,71-1,1ère circonscription,,,@,@,@,@,@,@
Bourgogne-Franche-Comté,,,,,71,Saône-et-Loire,,71-2,2e circonscription,,,@,@,@,@,@,@
Bourgogne-Franche-Comté,,,,,71,Saône-et-Loire,,71-3,3e circonscription,,,@,@,@,@,@,@
Bourgogne-Franche-Comté,,,,,71,Saône-et-Loire,,71-4,4e circonscription,,,@,@,@,@,@,@
Bourgogne-Franche-Comté,,,,,71,Saône-et-Loire,,71-5,5e circonscription,,,@,@,@,@,@,@
Bourgogne-Franche-Comté,,,,,89,Yonne (89),,89-1,1ère circonscription,,,@,@,@,@,@,@
Bourgogne-Franche-Comté,,,,,89,Yonne (89),,89-2,2e circonscription,,,@,@,@,@,@,@
Bourgogne-Franche-Comté,,,,,89,Yonne (89),,89-3,3e circonscription,,,@,@,@,@,@,@
Bourgogne-Franche-Comté,,,,,90,Territoire de Belfort (90),,90-1,1ère circonscription,,,@,@,@,@,@,@
Bourgogne-Franche-Comté,,,,,90,Territoire de Belfort (90),,90-2,2e circonscription,,,@,@,@,@,@,@
Bretagne,,,région Bretagne ,,,,,,région,,,,,,,,
Bretagne,,,,,22,Côtes-d'Armor,,20-1,1ère circonscription,,,@,@,@,@,@,@
Bretagne,,,,,22,Côtes-d'Armor,,20-2,2e circonscription,,,@,@,@,@,@,@
Bretagne,,,,,22,Côtes-d'Armor,,20-3,3e circonscription,,,@,@,@,@,@,@
Bretagne,,,,,22,Côtes-d'Armor,,20-4,4e circonscription,,,@,@,@,@,@,@
Bretagne,,,,,22,Côtes-d'Armor,,20-5,5e circonscription,,,@,@,@,@,@,@
Bretagne,,,,,29,Finistère,,29-1,1ère circonscription,,,@,@,@,@,@,@
Bretagne,,,,,29,Finistère,,29-2,2e circonscription,,,@,@,@,@,@,@
Bretagne,,,,,29,Finistère,,29-3,3e circonscription,,,@,@,@,@,@,@
Bretagne,,,,,29,Finistère,,29-4,4e circonscription,,,@,@,@,@,@,@
Bretagne,,,,,29,Finistère,,29-5,5e circonscription,,,@,@,@,@,@,@
Bretagne,,,,,29,Finistère,,29-6,6e circonscription,,,@,@,@,@,@,@
Bretagne,,,,,29,Finistère,,29-7,7e circonscription,,,@,@,@,@,@,@
Bretagne,,,,,29,Finistère,,29-8,8e circonscription,,,@,@,@,@,@,@
Bretagne,,,,,35,Ille-et-Vilaine,,35-1,1ère circonscription,,,@,@,@,@,@,@
Bretagne,48.1405,-1.6376,Union populaire Circo 35-02,https://twitter.com/UPop_Circo35_02,35,Ille-et-Vilaine,,35-2,2e circonscription,,,@,@,@,@,@,@
Bretagne,,,,,35,Ille-et-Vilaine,,35-3,3e circonscription,,,@,@,@,@,@,@
Bretagne,,,,,35,Ille-et-Vilaine,,35-4,4e circonscription,,,@,@,@,@,@,@
Bretagne,,,,,35,Ille-et-Vilaine,,35-5,5e circonscription,,,@,@,@,@,@,@
Bretagne,,,,,35,Ille-et-Vilaine,,35-6,6e circonscription,,,@,@,@,@,@,@
Bretagne,,,,,35,Ille-et-Vilaine,,35-7,7e circonscription,,,@,@,@,@,@,@
Bretagne,,,,,35,Ille-et-Vilaine,,35-8,7e circonscription,,,@,@,@,@,@,@
Bretagne,48.11486,-1.67429,Rennes,https://twitter.com/UnionPopRennes,35,Ille-et-Vilaine,,,ville,,,@UnionPopRennes,@,@,@,@,@
Bretagne,,,,,56,Morbihan,,56-1,1ère circonscription,,,@,@,@,@,@,@
Bretagne,,,,,56,Morbihan,,56-2,2e circonscription,,,@,@,@,@,@,@
Bretagne,,,,,56,Morbihan,,56-3,3e circonscription,,,@,@,@,@,@,@
Bretagne,,,,,56,Morbihan,,56-4,4e circonscription,,,@,@,@,@,@,@
Bretagne,,,,,56,Morbihan,,56-5,5e circonscription,,,@,@,@,@,@,@
Bretagne,,,,,56,Morbihan,,56-6,6e circonscription,,,@,@,@,@,@,@
Centre-Val de Loire,,,région Centre-Val de Loire ,,,,,,région,,,,,,,,
Centre-Val de Loire,,,,,18,Cher,,18-1,1ère circonscription,,,@,@,@,@,@,@
Centre-Val de Loire,,,,,18,Cher,,18-2,2e circonscription,,,@,@,@,@,@,@
Centre-Val de Loire,,,,,18,Cher,,18-3,3e circonscription,,,@,@,@,@,@,@
Centre-Val de Loire,,,,,28,Eure-et-Loir,,28-1,1ère circonscription,,,@,@,@,@,@,@
Centre-Val de Loire,,,,,28,Eure-et-Loir,,28-2,2e circonscription,,,@,@,@,@,@,@
Centre-Val de Loire,,,,,28,Eure-et-Loir,,28-3,3e circonscription,,,@,@,@,@,@,@
Centre-Val de Loire,,,,,28,Eure-et-Loir,,28-4,4e circonscription,,,@,@,@,@,@,@
Centre-Val de Loire,,,,,36,Indre,,36-1,1ère circonscription,,,@,@,@,@,@,@
Centre-Val de Loire,,,,,36,Indre,,36-2,2e circonscription,,,@,@,@,@,@,@
Centre-Val de Loire,47.3795,0.6972,Tours,https://twitter.com/FI_Tours,37,,,,ville,,,@FI_Tours,@,@,@,@,@
Centre-Val de Loire,,,,,37,Indre-et-Loire,,37-1,1ère circonscription,,,@,@,@,@,@,@
Centre-Val de Loire,,,,,37,Indre-et-Loire,,37-2,2e circonscription,,,@,@,@,@,@,@
Centre-Val de Loire,,,,,37,Indre-et-Loire,,37-3,3e circonscription,,,@,@,@,@,@,@
Centre-Val de Loire,,,,,37,Indre-et-Loire,,37-4,4e circonscription,,,@,@,@,@,@,@
Centre-Val de Loire,,,,,37,Indre-et-Loire,,37-5,5e circonscription,,,@,@,@,@,@,@
Centre-Val de Loire,,,,,41,Loir-et-Cher,,41-1,1ère circonscription,,,@,@,@,@,@,@
Centre-Val de Loire,,,,,41,Loir-et-Cher,,41-2,2e circonscription,,,@,@,@,@,@,@
Centre-Val de Loire,,,,,41,Loir-et-Cher,,41-3,3e circonscription,,,@,@,@,@,@,@
Centre-Val de Loire,47.9016,1.9093,Orléans,https://twitter.com/FIOrleansCentre,45,Loiret,,,ville,,,@FIOrleansCentre,@,@,@,@,@
Centre-Val de Loire,,,,,45,Loiret,,45-1,1ère circonscription,,,@,@,@,@,@,@
Centre-Val de Loire,,,,,45,Loiret,,45-2,2e circonscription,,,@,@,@,@,@,@
Centre-Val de Loire,47.7792,2.1036,Union Populaire du Giennois (3ème Circo Loiret),https://twitter.com/Union3eme,45,Loiret,,45-3,3e circonscription,,,@,@,@,@,@,@
Centre-Val de Loire,,,,,45,Loiret,,45-4,4e circonscription,,,@,@,@,@,@,@
Centre-Val de Loire,,,,,45,Loiret,,45-5,5e circonscription,,,@,@,@,@,@,@
Centre-Val de Loire,,,,,45,Loiret,,45-6,6e circonscription,,,@,@,@,@,@,@
Corse,,,région Corse ,,20,Corse,,,région,,,,,,,,
Corse,42.1991,9.0462,Union Populaire - Corse,https://twitter.com/UP_Corsica,20,Corse,,,,,,,,,,,
Corse,,,,,2B,Haute-Corse (2B),,2B-1,1ère circonscription,,,@,@,@,@,@,@
Corse,,,,,2B,Haute-Corse (2B),,2B-2,2e circonscription,,,@,@,@,@,@,@
Corse,,,,,2A,Corse-du-Sud (2A),,2A-1,1ère circonscription,,,@,@,@,@,@,@
Corse,,,,,2A,Corse-du-Sud (2A),,2A-2,2e circonscription,,,@,@,@,@,@,@
Grand Est,,,région Grand Est ,,,,,,région,,,,,,,,
Grand Est,,,,,8,Ardennes (08),,8-1,1ère circonscription,,,@,@,@,@,@,@
Grand Est,,,,,8,Ardennes (08),,8-2,2e circonscription,,,@,@,@,@,@,@
Grand Est,,,,,8,Ardennes (08),,8-3,3e circonscription,,,@,@,@,@,@,@
Grand Est,49.7754,4.7256,Les Ardennes Insoumises,https://twitter.com/08Insoumises,8,Ardennes (08),,,,,,,,,,,
Grand Est,,,,,10,Aube (10),,10-1,1ère circonscription,,,@,@,@,@,@,@
Grand Est,,,,,10,Aube (10),,10-2,2e circonscription,,,@,@,@,@,@,@
Grand Est,,,,,10,Aube (10),,10-3,3e circonscription,,,@,@,@,@,@,@
Grand Est,,,,,51,Marne (51),,51-1,1ère circonscription,,,@,@,@,@,@,@
Grand Est,,,,,51,Marne (51),,51-2,2e circonscription,,,@,@,@,@,@,@
Grand Est,,,,,51,Marne (51),,51-3,3e circonscription,,,@,@,@,@,@,@
Grand Est,,,,,51,Marne (51),,51-4,4e circonscription,,,@,@,@,@,@,@
Grand Est,,,,,51,Marne (51),,51-5,5e circonscription,,,@,@,@,@,@,@
Grand Est,,,,,52,Haute-Marne (52),,52-1,1ère circonscription,,,@,@,@,@,@,@
Grand Est,,,,,52,Haute-Marne (52),,52-2,2e circonscription,,,@,@,@,@,@,@
Grand Est,,,,,54,Meurthe-et-Moselle,,54-1,1ère circonscription,,,@,@,@,@,@,@
Grand Est,,,,,54,Meurthe-et-Moselle,,54-2,2e circonscription,,,@,@,@,@,@,@
Grand Est,,,,,54,Meurthe-et-Moselle,,54-3,3e circonscription,,,@,@,@,@,@,@
Grand Est,,,,,54,Meurthe-et-Moselle,,54-4,4e circonscription,,,@,@,@,@,@,@
Grand Est,,,,,54,Meurthe-et-Moselle,,54-5,5e circonscription,,,@,@,@,@,@,@
Grand Est,,,,,54,Meurthe-et-Moselle,,54-6,6e circonscription,,,@,@,@,@,@,@
Grand Est,,,,,55,Meuse,,55-1,1ère circonscription,,,@,@,@,@,@,@
Grand Est,,,,,55,Meuse,,55-2,2e circonscription,,,@,@,@,@,@,@
Grand Est,,,,,57,Moselle,,57-1,1ère circonscription,,,@,@,@,@,@,@
Grand Est,,,,,57,Moselle,,57-2,2e circonscription,,,@,@,@,@,@,@
Grand Est,,,,,57,Moselle,,57-3,3e circonscription,,,@,@,@,@,@,@
Grand Est,,,,,57,Moselle,,57-4,4e circonscription,,,@,@,@,@,@,@
Grand Est,,,,,57,Moselle,,57-5,5e circonscription,,,@,@,@,@,@,@
Grand Est,,,,,57,Moselle,,57-6,6e circonscription,,,@,@,@,@,@,@
Grand Est,,,,,57,Moselle,,57-7,7e circonscription,,,@,@,@,@,@,@
Grand Est,,,,,57,Moselle,,57-8,8e circonscription,,,@,@,@,@,@,@
Grand Est,,,,,57,Moselle,,57-9,9e circonscription,,,@,@,@,@,@,@
Grand Est,,,,,67,Bas-Rhin,,67-1,1ère circonscription,,,@,@,@,@,@,@
Grand Est,,,,,67,Bas-Rhin,,67-2,2e circonscription,,,@,@,@,@,@,@
Grand Est,,,,,67,Bas-Rhin,,67-3,3e circonscription,,,@,@,@,@,@,@
Grand Est,,,,,67,Bas-Rhin,,67-4,4e circonscription,,,@,@,@,@,@,@
Grand Est,,,,,67,Bas-Rhin,,67-5,5e circonscription,,,@,@,@,@,@,@
Grand Est,,,,,67,Bas-Rhin,,67-6,6e circonscription,,,@,@,@,@,@,@
Grand Est,,,,,67,Bas-Rhin,,67-7,7e circonscription,,,@,@,@,@,@,@
Grand Est,,,,,67,Bas-Rhin,,67-8,8e circonscription,,,@,@,@,@,@,@
Grand Est,,,,,67,Bas-Rhin,,67-9,9e circonscription,,,@,@,@,@,@,@
Grand Est,,,,,68,Haut-Rhin,,68-1,1ère circonscription,,,@,@,@,@,@,@
Grand Est,,,,,68,Haut-Rhin,,68-2,2e circonscription,,,@,@,@,@,@,@
Grand Est,,,,,68,Haut-Rhin,,68-3,3e circonscription,,,@,@,@,@,@,@
Grand Est,,,,,68,Haut-Rhin,,68-4,4e circonscription,,,@,@,@,@,@,@
Grand Est,,,,,68,Haut-Rhin,,68-5,5e circonscription,,,@,@,@,@,@,@
Grand Est,,,,,68,Haut-Rhin,,68-6,6e circonscription,,,@,@,@,@,@,@
Grand Est,48.17057,6.44780,Union Populaire 88-01,https://twitter.com/UP_8801,88,Vosges,,88-1,1ère circonscription,,,@,@,@,@,@,@
Grand Est,,,,,88,Vosges,,88-2,2e circonscription,,,@,@,@,@,@,@
Grand Est,,,,,88,Vosges,,88-3,3e circonscription,,,@,@,@,@,@,@
Grand Est,,,,,88,Vosges,,88-4,4e circonscription,,,@,@,@,@,@,@
Hauts-de-France,,,région Hauts-de-France ,,,,,,région,,,,,,,,
Hauts-de-France,,,,,2,Aisne,,2-1,1ère circonscription,,,@,@,@,@,@,@
Hauts-de-France,,,,,2,Aisne,,2-2,2e circonscription,,,@,@,@,@,@,@
Hauts-de-France,,,,,2,Aisne,,2-3,3e circonscription,,,@,@,@,@,@,@
Hauts-de-France,,,,,2,Aisne,,2-4,4e circonscription,,,@,@,@,@,@,@
Hauts-de-France,,,,,2,Aisne,,2-5,5e circonscription,,,@,@,@,@,@,@
Hauts-de-France,,,,,59,Nord,,59-1,1ère circonscription,,,@,@,@,@,@,@
Hauts-de-France,50.63744,3.05106,Lille,https://twitter.com/Melenchon_Lille,,,,,ville,,,,,,,,
Hauts-de-France,,,,,59,Nord,,59-2,2e circonscription,,,@,@,@,@,@,@
Hauts-de-France,,,,,59,Nord,,59-3,3e circonscription,,,@,@,@,@,@,@
Hauts-de-France,,,,,59,Nord,,59-4,4e circonscription,,,@,@,@,@,@,@
Hauts-de-France,,,,,59,Nord,,59-5,5e circonscription,,,@,@,@,@,@,@
Hauts-de-France,,,,,59,Nord,,59-6,6e circonscription,,,@,@,@,@,@,@
Hauts-de-France,,,,,59,Nord,,59-7,7e circonscription,,,@,@,@,@,@,@
Hauts-de-France,50.69131,3.17507,Roubaix,https://twitter.com/FIRoubaix,59,Nord,,,ville,,,@FIRoubaix,@,@,@,@,@
Hauts-de-France,,,,,59,Nord,,59-8,8e circonscription,,,@,@,@,@,@,@
Hauts-de-France,,,,,59,Nord,,59-9,9e circonscription,,,@,@,@,@,@,@
Hauts-de-France,,,,,59,Nord,,59-10,10e circonscription,,,@,@,@,@,@,@
Hauts-de-France,,,,,59,Nord,,59-11,11e circonscription,,,@,@,@,@,@,@
Hauts-de-France,,,,,59,Nord,,59-12,12e circonscription,,,@,@,@,@,@,@
Hauts-de-France,,,,,59,Nord,,59-13,13e circonscription,,,@,@,@,@,@,@
Hauts-de-France,,,,,59,Nord,,59-14,14e circonscription,,,@,@,@,@,@,@
Hauts-de-France,,,,,59,Nord,,59-15,15e circonscription,,,@,@,@,@,@,@
Hauts-de-France,,,,,59,Nord,,59-16,16e circonscription,,,@,@,@,@,@,@
Hauts-de-France,,,,,59,Nord,,59-17,17e circonscription,,,@,@,@,@,@,@
Hauts-de-France,,,,,59,Nord,,59-18,18e circonscription,,,@,@,@,@,@,@
Hauts-de-France,,,,,59,Nord,,59-19,19e circonscription,,,@,@,@,@,@,@
Hauts-de-France,,,,,59,Nord,,59-20,20e circonscription,,,@,@,@,@,@,@
Hauts-de-France,,,,,59,Nord,,59-21,21e circonscription,,,@,@,@,@,@,@
Hauts-de-France,,,,,60,Oise,,60-1,1ère circonscription,,,@,@,@,@,@,@
Hauts-de-France,,,,,60,Oise,,60-2,2e circonscription,,,@,@,@,@,@,@
Hauts-de-France,,,,,60,Oise,,60-3,3e circonscription,,,@,@,@,@,@,@
Hauts-de-France,,,,,60,Oise,,60-4,4e circonscription,,,@,@,@,@,@,@
Hauts-de-France,,,,,60,Oise,,60-5,5e circonscription,,,@,@,@,@,@,@
Hauts-de-France,49.42391,2.81868,Union Populaire - Compiègne/Noyon,https://twitter.com/Union6eOise,60,Oise,,60-6,6e circonscription,,,@,@,@,@,@,@
Hauts-de-France,,,,,60,Oise,,60-7,7e circonscription,,,@,@,@,@,@,@
Hauts-de-France,,,,,62,Pas-de-Calais,,62-1,1ère circonscription,,,@,@,@,@,@,@
Hauts-de-France,,,,,62,Pas-de-Calais,,62-2,2e circonscription,,,@,@,@,@,@,@
Hauts-de-France,,,,,62,Pas-de-Calais,,62-3,3e circonscription,,,@,@,@,@,@,@
Hauts-de-France,,,,,62,Pas-de-Calais,,62-4,4e circonscription,,,@,@,@,@,@,@
Hauts-de-France,,,,,62,Pas-de-Calais,,62-5,5e circonscription,,,@,@,@,@,@,@
Hauts-de-France,,,,,62,Pas-de-Calais,,62-6,6e circonscription,,,@,@,@,@,@,@
Hauts-de-France,,,,,62,Pas-de-Calais,,62-7,7e circonscription,,,@,@,@,@,@,@
Hauts-de-France,,,,,62,Pas-de-Calais,,62-8,8e circonscription,,,@,@,@,@,@,@
Hauts-de-France,,,,,62,Pas-de-Calais,,62-9,9e circonscription,,,@,@,@,@,@,@
Hauts-de-France,,,,,62,Pas-de-Calais,,62-10,10e circonscription,,,@,@,@,@,@,@
Hauts-de-France,,,,,62,Pas-de-Calais,,62-11,11e circonscription,,,@,@,@,@,@,@
Hauts-de-France,,,,,62,Pas-de-Calais,,62-12,12e circonscription,,,@,@,@,@,@,@
Hauts-de-France,,,,,80,Somme (80),,80-1,1ère circonscription,,,@,@,@,@,@,@
Hauts-de-France,,,,,80,Somme (80),,80-2,2e circonscription,,,@,@,@,@,@,@
Hauts-de-France,,,,,80,Somme (80),,80-3,3e circonscription,,,@,@,@,@,@,@
Hauts-de-France,,,,,80,Somme (80),,80-4,4e circonscription,,,@,@,@,@,@,@
Hauts-de-France,,,,,80,Somme (80),,80-5,5e circonscription,,,@,@,@,@,@,@
Île-de-France,,,région Île-de-France ,,,,,,région,,,,,,,,
Île-de-France,,,75-01 (1er 2e 8e 9e),,75,Paris,,75-1,1ère circonscription,,,@,@,@,@,@,@
Île-de-France,48.8583,2.3403,France Insoumise #ParisCentre !,https://twitter.com/FI_ParisCentre,75,Paris,,,,,,,,,,,
Île-de-France,,,Paris 2e,,,,,,,,,,,,,,
Île-de-France,48.87741,2.33804,La France insoumise - Paris 9ème,https://twitter.com/FI_Paris9,75,Paris,,,,,,,,,,,
Île-de-France,,,75-02 (5e 6e 7e),,75,Paris,,75-2,2e circonscription,,,@,@,@,@,@,@
Île-de-France,,,Paris 5e,,,,,,,,,,,,,,
Île-de-France,48.8502,2.3326,Les Insoumis•es - Paris 6e & 7e,https://twitter.com/insoumis_6_7,75,Paris,,,,,,,,,,,
Île-de-France,,,73-03,,75,Paris,,75-3,3e circonscription,,,@,@,@,@,@,@
Île-de-France,,,75-04,,75,Paris,,75-4,4e circonscription,,,@,@,@,@,@,@
Île-de-France,,,75-05 (~ 10e),,75,Paris,,75-5,5e circonscription,,,@,@,@,@,@,@
Île-de-France,48.8709,2.3552,Le 10ème insoumis,https://twitter.com/FIParis10e,75,Paris,,,,,,,,,,,
Île-de-France,,,75-06,,75,Paris,,75-6,6e circonscription,,,@,@,@,@,@,@
Île-de-France,48.8575,2.3618,75-07 Union Populaire - 7e circonscription de Paris,https://twitter.com/circo7507,75,Paris,,75-7,7e circonscription,,,@,@,@,@,@,@
Île-de-France,48.8538,2.3698,La France Insoumise - Paris 11 Bastille φ,https://twitter.com/FIBastille11,75,Paris,,,,,,,,,,,
Île-de-France,,,75-08,,75,Paris,,75-8,8e circonscription,,,@,@,@,@,@,@
Île-de-France,,,,,75,Paris,,,,,,,,,,,
Île-de-France,,,75-09 (~13e),,75,Paris,,75-9,9e circonscription,,,@,@,@,@,@,@
Île-de-France,48.8314,2.3577,Union Populaire - Paris 13e,https://twitter.com/FI_Paris13,75,Paris,,,,,,,,,,,
Île-de-France,,,75-10,,75,Paris,,75-10,10e circonscription,,,@,@,@,@,@,@
Île-de-France,,,,,75,Paris,,,,,,,,,,,
Île-de-France,,,75-11 (~ 14e),,75,Paris,,75-11,11e circonscription,,,@,@,@,@,@,@
Île-de-France,48.8273,2.3215,L'Union Populaire - Paris 14e,https://twitter.com/LFIParis14,75,Paris,,,,,,,,,,,
Île-de-France,,,75-12,,75,Paris,,75-12,12e circonscription,,,@,@,@,@,@,@
Île-de-France,,,,,75,Paris,,,,,,,,,,,
Île-de-France,,,75-13 (~ 15e),,75,Paris,,75-13,13e circonscription,,,@,@,@,@,@,@
Île-de-France,48.83998,2.28265,Union Populaire Paris 15e,https://twitter.com/UnionPopParis15,75,Paris,,,,,,,,,,,
Île-de-France,,,75-14,,75,Paris,,75-14,14e circonscription,,,@,@,@,@,@,@
Île-de-France,,,,,75,Paris,,,,,,,,,,,
Île-de-France,,,75-15 (~ 20e),,75,Paris,,75-15,15e circonscription,,,@,@,@,@,@,@
Île-de-France,48.8655,2.3995,France Insoumise Paris 20e,https://twitter.com/FI20eme,75,Paris,,,,,,,,,,,
Île-de-France,,,,,75,Paris,,75-16,16e circonscription,,,@,@,@,@,@,@
Île-de-France,,,,,75,Paris,,75-17,17e circonscription,,,@,@,@,@,@,@
Île-de-France,,,,,75,Paris,,75-18,18e circonscription,,,@,@,@,@,@,@
Île-de-France,,,,,77,Seine-et-Marne,,77-1,1ère circonscription,,,@,@,@,@,@,@
Île-de-France,,,,,77,Seine-et-Marne,,77-2,2e circonscription,,,@,@,@,@,@,@
Île-de-France,,,,,77,Seine-et-Marne,,77-3,3e circonscription,,,@,@,@,@,@,@
Île-de-France,,,,,77,Seine-et-Marne,,77-4,4e circonscription,,,@,@,@,@,@,@
Île-de-France,,,,,77,Seine-et-Marne,,77-5,5e circonscription,,,@,@,@,@,@,@
Île-de-France,,,,,77,Seine-et-Marne,,77-6,6e circonscription,,,@,@,@,@,@,@
Île-de-France,,,,,77,Seine-et-Marne,,77-7,7e circonscription,,,@,@,@,@,@,@
Île-de-France,,,,,77,Seine-et-Marne,,77-8,8e circonscription,,,@,@,@,@,@,@
Île-de-France,,,,,77,Seine-et-Marne,,77-9,9e circonscription,,,@,@,@,@,@,@
Île-de-France,48.87012,2.60205,Union Populaire 77-10,https://twitter.com/UnionPop7710,77,Seine-et-Marne,,77-10,10e circonscription,,,@,@,@,@,@,@
Île-de-France,,,,,77,Seine-et-Marne,,77-11,11e circonscription,,,@,@,@,@,@,@
Île-de-France,,,,,78,Yvelines,,78-1,1ère circonscription,,,@,@,@,@,@,@
Île-de-France,,,,,78,Yvelines,,78-2,2e circonscription,,,@,@,@,@,@,@
Île-de-France,,,,,78,Yvelines,,78-3,3e circonscription,,,@,@,@,@,@,@
Île-de-France,,,,,78,Yvelines,,78-4,4e circonscription,,,@,@,@,@,@,@
Île-de-France,,,,,78,Yvelines,,78-5,5e circonscription,,,@,@,@,@,@,@
Île-de-France,,,,,78,Yvelines,,78-6,6e circonscription,,,@,@,@,@,@,@
Île-de-France,,,,,78,Yvelines,,78-7,7e circonscription,,,@,@,@,@,@,@
Île-de-France,,,,,78,Yvelines,,78-8,8e circonscription,,,@,@,@,@,@,@
Île-de-France,,,,,78,Yvelines,,78-9,9e circonscription,,,@,@,@,@,@,@
Île-de-France,,,,,78,Yvelines,,78-10,10e circonscription,,,@,@,@,@,@,@
Île-de-France,,,,,78,Yvelines,,78-11,11e circonscription,,,@,@,@,@,@,@
Île-de-France,,,,,78,Yvelines,,78-12,12e circonscription,,,@,@,@,@,@,@
Île-de-France,,,,,91,Essonne,,91-1,1ère circonscription,,,@,@,@,@,@,@
Île-de-France,,,,,91,Essonne,,91-2,2e circonscription,,,@,@,@,@,@,@
Île-de-France,,,,,91,Essonne,,91-3,3e circonscription,,,@,@,@,@,@,@
Île-de-France,,,,,91,Essonne,,91-4,4e circonscription,,,@,@,@,@,@,@
Île-de-France,48.7260,2.1773,Fi 91 5e,https://twitter.com/Fi915e1,91,Essonne,,91-5,5e circonscription,,,@,@,@,@,@,@
Île-de-France,48.69923,2.18811,Orsay,https://twitter.com/OrsayUP2022,91,Essonne,,,ville,,,@OrsayUP2022,@,@,@,@,@
Île-de-France,,,,,91,Essonne,,91-6,6e circonscription,,,@,@,@,@,@,@
Île-de-France,,,,,91,Essonne,,91-7,7e circonscription,,,@,@,@,@,@,@
Île-de-France,,,,,91,Essonne,,91-8,8e circonscription,,,@,@,@,@,@,@
Île-de-France,,,,,91,Essonne,,91-9,9e circonscription,,,@,@,@,@,@,@
Île-de-France,,,,,91,Essonne,,91-10,10e circonscription,,,@,@,@,@,@,@
Île-de-France,,,,,92,Hauts-de-Seine,,92-1,1ère circonscription,,,@,@,@,@,@,@
Île-de-France,,,,,92,Hauts-de-Seine,,92-2,2e circonscription,,,@,@,@,@,@,@
Île-de-France,,,,,92,Hauts-de-Seine,,92-3,3e circonscription,,,@,@,@,@,@,@
Île-de-France,,,,,92,Hauts-de-Seine,,92-4,4e circonscription,,,@,@,@,@,@,@
Île-de-France,48.8991,2.2967,Insoumis 5e 92 φ,https://twitter.com/insoumis5e92,92,Hauts-de-Seine,,92-5,5e circonscription,,,@insoumis5e92,@,@,@,@,@
Île-de-France,,,,,92,Hauts-de-Seine,,92-6,6e circonscription,,,@,@,@,@,@,@
Île-de-France,48.85828,2.19089,Union Populaire 92 - 7ème circonscription,https://twitter.com/Unionpop92_7,92,Hauts-de-Seine,,92-7,7e circonscription,,,@Unionpop92_7,@,@,@,@,@
Île-de-France,48.81269,2.21262,Union populaire - 8e circonscription du 92,https://twitter.com/Union_pop_9208,92,Hauts-de-Seine,,92-8,8e circonscription,,,@Union_pop_9208,@,@,@,@,@
Île-de-France,,,,,92,Hauts-de-Seine,,92-9,9e circonscription,,,@,@,@,@,@,@
Île-de-France,,,,,92,Hauts-de-Seine,,92-10,10e circonscription,,,@,@,@,@,@,@
Île-de-France,,,,,92,Hauts-de-Seine,,92-11,11e circonscription,,,@,@,@,@,@,@
Île-de-France,48.79358,2.26217,Clamart Insoumise φ,https://twitter.com/LFI_Clamart92,92,Hauts-de-Seine,,92-12,12e circonscription,,,@LFI_Clamart92,@,@,@,@,@
Île-de-France,48.75341283726293,2.288102188214731,Union Populaire 92-13,https://twitter.com/UnionPop9213,92,Hauts-de-Seine,,92-13,13e circonscription,,,@UnionPop9213,@UnionPop9213,@UnionPop9213,@UnionPop9213,@UnionPop9213,@UnionPop9213
Île-de-France,48.91227,2.33338,Union Populaire 93-01,https://twitter.com/9301_UnionPop,93,Seine-Saint-Denis,,93-1,1ère circonscription,,,@9301_UnionPop,@,@,@,@,@
Île-de-France,,,,,93,Seine-Saint-Denis,,93-2,2e circonscription,,,@,@,@,@,@,@
Île-de-France,,,,,93,Seine-Saint-Denis,,93-3,3e circonscription,,,@,@,@,@,@,@
Île-de-France,48.84902,2.55268,Noisy-le-Grand,https://twitter.com/fi_noisylegrand,93,Seine-Saint-Denis,,,ville,,,@,@,@,@,@,@
Île-de-France,,,,,93,Seine-Saint-Denis,,93-4,4e circonscription,,,@,@,@,@,@,@
Île-de-France,,,,,93,Seine-Saint-Denis,,93-5,5e circonscription,,,@,@,@,@,@,@
Île-de-France,,,,,93,Seine-Saint-Denis,,93-6,6e circonscription,,,@,@,@,@,@,@
Île-de-France,,,,,93,Seine-Saint-Denis,,93-7,7e circonscription,,,@,@,@,@,@,@
Île-de-France,,,,,93,Seine-Saint-Denis,,93-8,8e circonscription,,,@,@,@,@,@,@
Île-de-France,,,,,93,Seine-Saint-Denis,,93-9,9e circonscription,,,@,@,@,@,@,@
Île-de-France,,,,,93,Seine-Saint-Denis,,93-10,10e circonscription,,,@,@,@,@,@,@
Île-de-France,,,,,93,Seine-Saint-Denis,,93-11,11e circonscription,,,@,@,@,@,@,@
Île-de-France,,,,,93,Seine-Saint-Denis,,93-12,12e circonscription,,,@,@,@,@,@,@
Île-de-France,,,,,94,Val-de-Marne,,94-1,1ère circonscription,,,@,@,@,@,@,@
Île-de-France,,,,,94,Val-de-Marne,,94-2,2e circonscription,,,@,@,@,@,@,@
Île-de-France,,,,,94,Val-de-Marne,,94-3,3e circonscription,,,@,@,@,@,@,@
Île-de-France,,,,,94,Val-de-Marne,,94-4,4e circonscription,,,@,@,@,@,@,@
Île-de-France,,,,,94,Val-de-Marne,,94-5,5e circonscription,,,@,@,@,@,@,@
Île-de-France,,,,,94,Val-de-Marne,,94-6,6e circonscription,,,@,@,@,@,@,@
Île-de-France,,,,,94,Val-de-Marne,,94-7,7e circonscription,,,@,@,@,@,@,@
Île-de-France,,,,,94,Val-de-Marne,,94-8,8e circonscription,,,@,@,@,@,@,@
Île-de-France,,,,,94,Val-de-Marne,,94-9,9e circonscription,,,@,@,@,@,@,@
Île-de-France,48.78803,2.39307,Vitry-sur-Seine,https://twitter.com/VitryInsoumise,94,Val-de-Marne,,,ville,,,@VitryInsoumise,@,@,@,@,@
Île-de-France,48.80015,2.41801,Alfortville,https://twitter.com/AlfortvilleLFI,94,Val-de-Marne,,,ville,,,@AlfortvilleLFI,@,@,@,@,@
Île-de-France,,,,,94,Val-de-Marne,,94-10,10e circonscription,,,@,@,@,@,@,@
Île-de-France,,,,,94,Val-de-Marne,,94-11,11e circonscription,,,@,@,@,@,@,@
Île-de-France,,,,,95,Val-d'Oise,,95-1,1ère circonscription,,,@,@,@,@,@,@
Île-de-France,,,,,95,Val-d'Oise,,95-2,2e circonscription,,,@,@,@,@,@,@
Île-de-France,,,,,95,Val-d'Oise,,95-3,3e circonscription,,,@,@,@,@,@,@
Île-de-France,,,,,95,Val-d'Oise,,95-4,4e circonscription,,,@,@,@,@,@,@
Île-de-France,,,,,95,Val-d'Oise,,95-5,5e circonscription,,,@,@,@,@,@,@
Île-de-France,,,,,95,Val-d'Oise,,95-6,6e circonscription,,,@,@,@,@,@,@
Île-de-France,,,,,95,Val-d'Oise,,95-7,7e circonscription,,,@,@,@,@,@,@
Île-de-France,,,,,95,Val-d'Oise,,95-8,8e circonscription,,,@,@,@,@,@,@
Île-de-France,,,,,95,Val-d'Oise,,95-9,9e circonscription,,,@,@,@,@,@,@
Île-de-France,,,,,95,Val-d'Oise,,95-10,10e circonscription,,,@,@,@,@,@,@
Normandie,48.9661,0.4258,région Normandie Insoumise,https://twitter.com/NormandieLFI,14,Calvados (14),,,région,,,,,,,,
Normandie,,,,,14,Calvados (14),,14-1,1ère circonscription,,,@,@,@,@,@,@
Normandie,,,,,14,Calvados (14),,14-2,2e circonscription,,,@,@,@,@,@,@
Normandie,,,,,14,Calvados (14),,14-3,3e circonscription,,,@,@,@,@,@,@
Normandie,,,,,14,Calvados (14),,14-4,4e circonscription,,,@,@,@,@,@,@
Normandie,,,,,14,Calvados (14),,14-5,5e circonscription,,,@,@,@,@,@,@
Normandie,,,,,14,Calvados (14),,14-6,6e circonscription,,,@,@,@,@,@,@
Normandie,,,,,27,Eure (27),,27-1,1ère circonscription,,,@,@,@,@,@,@
Normandie,,,,,27,Eure (27),,27-2,2e circonscription,,,@,@,@,@,@,@
Normandie,,,,,27,Eure (27),,27-3,3e circonscription,,,@,@,@,@,@,@
Normandie,,,,,27,Eure (27),,27-4,4e circonscription,,,@,@,@,@,@,@
Normandie,49.092014,1.482054,Union Populaire 27-05,https://twitter.com/UnionPop27,27,Eure (27),,27-5,5e circonscription,,,@Unionpop27,@InsoumisVernonGiverny,@,@,@,@
Normandie,,,,,50,Manche (50),,50-1,1ère circonscription,,,@,@,@,@,@,@
Normandie,,,,,50,Manche (50),,50-2,2e circonscription,,,@,@,@,@,@,@
Normandie,,,,,50,Manche (50),,50-3,3e circonscription,,,@,@,@,@,@,@
Normandie,,,,,50,Manche (50),,50-4,4e circonscription,,,@,@,@,@,@,@
Normandie,,,,,61,Orne (61),,61-1,1ère circonscription,,,@,@,@,@,@,@
Normandie,,,,,61,Orne (61),,61-2,2e circonscription,,,@,@,@,@,@,@
Normandie,,,,,61,Orne (61),,61-3,3e circonscription,,,@,@,@,@,@,@
Normandie,,,,,76,Seine-Maritime (76),,76-1,1ère circonscription,,,@,@,@,@,@,@
Normandie,,,,,76,Seine-Maritime (76),,76-2,2e circonscription,,,@,@,@,@,@,@
Normandie,,,,,76,Seine-Maritime (76),,76-3,3e circonscription,,,@,@,@,@,@,@
Normandie,,,,,76,Seine-Maritime (76),,76-4,4e circonscription,,,@,@,@,@,@,@
Normandie,,,,,76,Seine-Maritime (76),,76-5,5e circonscription,,,@,@,@,@,@,@
Normandie,,,,,76,Seine-Maritime (76),,76-6,6e circonscription,,,@,@,@,@,@,@
Normandie,,,,,76,Seine-Maritime (76),,76-7,7e circonscription,,,@,@,@,@,@,@
Normandie,,,,,76,Seine-Maritime (76),,76-8,8e circonscription,,,@,@,@,@,@,@
Normandie,,,,,76,Seine-Maritime (76),,76-9,9e circonscription,,,@,@,@,@,@,@
Normandie,,,,,76,Seine-Maritime (76),,76-10,10e circonscription,,,@,@,@,@,@,@
Nouvelle-Aquitaine,,,région Nouvelle-Aquitaine ,,,,,,région,,,,,,,,
Nouvelle-Aquitaine,,,,,16,Charente (16),,16-1,1ère circonscription,,,@,@,@,@,@,@
Nouvelle-Aquitaine,,,,,16,Charente (16),,16-2,2e circonscription,,,@,@,@,@,@,@
Nouvelle-Aquitaine,,,,,16,Charente (16),,16-3,3e circonscription,,,@,@,@,@,@,@
Nouvelle-Aquitaine,,,,,17,Charente-Maritime (17),,17-1,1ère circonscription,,,@,@,@,@,@,@
Nouvelle-Aquitaine,,,,,17,Charente-Maritime (17),,17-2,2e circonscription,,,@,@,@,@,@,@
Nouvelle-Aquitaine,,,,,17,Charente-Maritime (17),,17-3,3e circonscription,,,@,@,@,@,@,@
Nouvelle-Aquitaine,,,,,17,Charente-Maritime (17),,17-4,4e circonscription,,,@,@,@,@,@,@
Nouvelle-Aquitaine,,,,,17,Charente-Maritime (17),,17-5,5e circonscription,,,@,@,@,@,@,@
Nouvelle-Aquitaine,,,,,19,Corrèze (19),,19-1,1ère circonscription,,,@,@,@,@,@,@
Nouvelle-Aquitaine,,,,,19,Corrèze (19),,19-2,2e circonscription,,,@,@,@,@,@,@
Nouvelle-Aquitaine,,,,,23,Creuse (23),,23-1,1ère circonscription,,,@,@,@,@,@,@
Nouvelle-Aquitaine,,,,,24,Dordogne (24),,24-1,1ère circonscription,,,@,@,@,@,@,@
Nouvelle-Aquitaine,,,,,24,Dordogne (24),,24-2,2e circonscription,,,@,@,@,@,@,@
Nouvelle-Aquitaine,,,,,24,Dordogne (24),,24-3,3e circonscription,,,@,@,@,@,@,@
Nouvelle-Aquitaine,,,,,24,Dordogne (24),,24-4,4e circonscription,,,@,@,@,@,@,@
Nouvelle-Aquitaine,,,,,33,Gironde (33),,33-1,1ère circonscription,,,@,@,@,@,@,@
Nouvelle-Aquitaine,,,,,33,Gironde (33),,33-2,2e circonscription,,,@,@,@,@,@,@
Nouvelle-Aquitaine,,,,,33,Gironde (33),,33-3,3e circonscription,,,@,@,@,@,@,@
Nouvelle-Aquitaine,,,,,33,Gironde (33),,33-4,4e circonscription,,,@,@,@,@,@,@
Nouvelle-Aquitaine,,,,,33,Gironde (33),,33-5,5e circonscription,,,@,@,@,@,@,@
Nouvelle-Aquitaine,,,,,33,Gironde (33),,33-6,6e circonscription,,,@,@,@,@,@,@
Nouvelle-Aquitaine,,,,,33,Gironde (33),,33-7,7e circonscription,,,@,@,@,@,@,@
Nouvelle-Aquitaine,,,,,33,Gironde (33),,33-8,8e circonscription,,,@,@,@,@,@,@
Nouvelle-Aquitaine,,,,,33,Gironde (33),,33-9,9e circonscription,,,@,@,@,@,@,@
Nouvelle-Aquitaine,,,,,33,Gironde (33),,33-10,10e circonscription,,,@,@,@,@,@,@
Nouvelle-Aquitaine,,,,,33,Gironde (33),,33-11,11e circonscription,,,@,@,@,@,@,@
Nouvelle-Aquitaine,,,,,33,Gironde (33),,33-12,12e circonscription,,,@,@,@,@,@,@
Nouvelle-Aquitaine,,,,,40,Landes (40),,40-1,1ère circonscription,,,@,@,@,@,@,@
Nouvelle-Aquitaine,,,,,40,Landes (40),,40-2,2e circonscription,,,@,@,@,@,@,@
Nouvelle-Aquitaine,,,,,40,Landes (40),,40-3,3e circonscription,,,@,@,@,@,@,@
Nouvelle-Aquitaine,,,,,47,Lot-et-Garonne (47),,47-1,1ère circonscription,,,@,@,@,@,@,@
Nouvelle-Aquitaine,,,,,47,Lot-et-Garonne (47),,47-2,2e circonscription,,,@,@,@,@,@,@
Nouvelle-Aquitaine,,,,,47,Lot-et-Garonne (47),,47-3,3e circonscription,,,@,@,@,@,@,@
Nouvelle-Aquitaine,43.33323,-0.43335,UnionPop64circo01,https://twitter.com/UPop64circo01,64,Pyrénées-Atlantiques,,64-1,1ère circonscription,,,@,@,@,@,@,@
Nouvelle-Aquitaine,,,,,64,Pyrénées-Atlantiques,,64-2,2e circonscription,,,@,@,@,@,@,@
Nouvelle-Aquitaine,,,,,64,Pyrénées-Atlantiques,,64-3,3e circonscription,,,@,@,@,@,@,@
Nouvelle-Aquitaine,,,,,64,Pyrénées-Atlantiques,,64-4,4e circonscription,,,@,@,@,@,@,@
Nouvelle-Aquitaine,,,,,64,Pyrénées-Atlantiques,,64-5,5e circonscription,,,@,@,@,@,@,@
Nouvelle-Aquitaine,,,,,64,Pyrénées-Atlantiques,,64-6,6e circonscription,,,@,@,@,@,@,@
Nouvelle-Aquitaine,,,,,79,Deux-Sèvres,,79-1,1ère circonscription,,,@,@,@,@,@,@
Nouvelle-Aquitaine,,,,,79,Deux-Sèvres,,79-2,2e circonscription,,,@,@,@,@,@,@
Nouvelle-Aquitaine,,,,,79,Deux-Sèvres,,79-3,3e circonscription,,,@,@,@,@,@,@
Nouvelle-Aquitaine,,,,,86,Vienne,,86-1,1ère circonscription,,,@,@,@,@,@,@
Nouvelle-Aquitaine,,,,,86,Vienne,,86-2,2e circonscription,,,@,@,@,@,@,@
Nouvelle-Aquitaine,,,,,86,Vienne,,86-3,3e circonscription,,,@,@,@,@,@,@
Nouvelle-Aquitaine,,,,,86,Vienne,,86-4,4e circonscription,,,@,@,@,@,@,@
Nouvelle-Aquitaine,,,,,87,Haute-Vienne,,87-1,1ère circonscription,,,@,@,@,@,@,@
Nouvelle-Aquitaine,,,,,87,Haute-Vienne,,87-2,2e circonscription,,,@,@,@,@,@,@
Nouvelle-Aquitaine,,,,,87,Haute-Vienne,,87-3,3e circonscription,,,@,@,@,@,@,@
Occitanie,,,région Occitanie ,https://twitter.com/OccitaniePop,,,,,région,,,,,,,,
Occitanie,,,,,9,Ariège (09),,9-1,1ère circonscription,,,@,@,@,@,@,@
Occitanie,,,,,9,Ariège (09),,9-2,2e circonscription,,,@,@,@,@,@,@
Occitanie,,,,,11,Aude (11),,11-1,1ère circonscription,,,@,@,@,@,@,@
Occitanie,,,,,11,Aude (11),,11-2,2e circonscription,,,@,@,@,@,@,@
Occitanie,,,,,11,Aude (11),,11-3,3e circonscription,,,@,@,@,@,@,@
Occitanie,,,,,12,Aveyron (12),,12-1,1ère circonscription,,,@,@,@,@,@,@
Occitanie,,,,,12,Aveyron (12),,12-2,2e circonscription,,,@,@,@,@,@,@
Occitanie,,,,,12,Aveyron (12),,12-3,3e circonscription,,,@,@,@,@,@,@
Occitanie,,,,,30,Gard (30),,30-1,1ère circonscription,,,@,@,@,@,@,@
Occitanie,,,,,30,Gard (30),,30-2,2e circonscription,,,@,@,@,@,@,@
Occitanie,,,,,30,Gard (30),,30-3,3e circonscription,,,@,@,@,@,@,@
Occitanie,,,,,30,Gard (30),,30-4,4e circonscription,,,@,@,@,@,@,@
Occitanie,,,,,30,Gard (30),,30-5,5e circonscription,,,@,@,@,@,@,@
Occitanie,,,,,30,Gard (30),,30-6,6e circonscription,,,@,@,@,@,@,@
Occitanie,,,,,31,Haute-Garonne (31),,31-1,1ère circonscription,,,@,@,@,@,@,@
Occitanie,,,,,31,Haute-Garonne (31),,31-2,2e circonscription,,,@,@,@,@,@,@
Occitanie,,,,,31,Haute-Garonne (31),,31-3,3e circonscription,,,@,@,@,@,@,@
Occitanie,,,,,31,Haute-Garonne (31),,31-4,4e circonscription,,,@,@,@,@,@,@
Occitanie,,,,,31,Haute-Garonne (31),,31-5,5e circonscription,,,@,@,@,@,@,@
Occitanie,,,,,31,Haute-Garonne (31),,31-6,6e circonscription,,,@,@,@,@,@,@
Occitanie,,,,,31,Haute-Garonne (31),,31-7,7e circonscription,,,@,@,@,@,@,@
Occitanie,,,,,31,Haute-Garonne (31),,31-8,8e circonscription,,,@,@,@,@,@,@
Occitanie,,,,,31,Haute-Garonne (31),,31-9,9e circonscription,,,@,@,@,@,@,@
Occitanie,,,,,31,Haute-Garonne (31),,31-10,10e circonscription,,,@,@,@,@,@,@
Occitanie,,,,,32,Gers (32),,32-1,1ère circonscription,,,@,@,@,@,@,@
Occitanie,,,,,32,Gers (32),,32-2,2e circonscription,,,@,@,@,@,@,@
Occitanie,,,,,34,Hérault,,34-1,1ère circonscription,,,@,@,@,@,@,@
Occitanie,,,,,34,Hérault,,34-2,2e circonscription,,,@,@,@,@,@,@
Occitanie,,,,,34,Hérault,,34-3,3e circonscription,,,@,@,@,@,@,@
Occitanie,,,,,34,Hérault,,34-4,4e circonscription,,,@,@,@,@,@,@
Occitanie,,,,,34,Hérault,,34-5,5e circonscription,,,@,@,@,@,@,@
Occitanie,,,,,34,Hérault,,34-6,6e circonscription,,,@,@,@,@,@,@
Occitanie,,,,,34,Hérault,,34-7,7e circonscription,,,@,@,@,@,@,@
Occitanie,,,,,34,Hérault,,34-8,8e circonscription,,,@,@,@,@,@,@
Occitanie,,,,,34,Hérault,,34-9,9e circonscription,,,@,@,@,@,@,@
Occitanie,,,,,46,Lot,,46-1,1ère circonscription,,,@,@,@,@,@,@
Occitanie,,,,,46,Lot,,46-2,2e circonscription,,,@,@,@,@,@,@
Occitanie,,,,,48,Lozère,,48-1,1ère circonscription,,,@,@,@,@,@,@
Occitanie,,,,,65,Hautes-Pyrénées,,65-1,1ère circonscription,,,@,@,@,@,@,@
Occitanie,,,,,65,Hautes-Pyrénées,,65-2,2e circonscription,,,@,@,@,@,@,@
Occitanie,,,,,66,Pyrénées-Orientales,,66-1,1ère circonscription,,,@,@,@,@,@,@
Occitanie,,,,,66,Pyrénées-Orientales,,66-2,2e circonscription,,,@,@,@,@,@,@
Occitanie,,,,,66,Pyrénées-Orientales,,66-3,3e circonscription,,,@,@,@,@,@,@
Occitanie,,,,,66,Pyrénées-Orientales,,66-4,4e circonscription,,,@,@,@,@,@,@
Occitanie,,,,,81,Tarn,,81-1,1ère circonscription,,,@,@,@,@,@,@
Occitanie,,,,,81,Tarn,,81-2,2e circonscription,,,@,@,@,@,@,@
Occitanie,,,,,81,Tarn,,81-3,3e circonscription,,,@,@,@,@,@,@
Occitanie,,,,,82,Tarn-et-Garonne,,82-1,1ère circonscription,,,@,@,@,@,@,@
Occitanie,,,,,82,Tarn-et-Garonne,,82-2,2e circonscription,,,@,@,@,@,@,@
Pays de la Loire,,,région Pays de la Loire ,,,,,,région,,,,,,,,
Pays de la Loire,,,,,44,Loire-Atlantique,,44-1,1ère circonscription,,,@,@,@,@,@,@
Pays de la Loire,,,,,44,Loire-Atlantique,,44-2,2e circonscription,,,@,@,@,@,@,@
Pays de la Loire,,,,,44,Loire-Atlantique,,44-3,3e circonscription,,,@,@,@,@,@,@
Pays de la Loire,,,,,44,Loire-Atlantique,,44-4,4e circonscription,,,@,@,@,@,@,@
Pays de la Loire,,,,,44,Loire-Atlantique,,44-5,5e circonscription,,,@,@,@,@,@,@
Pays de la Loire,,,,,44,Loire-Atlantique,,44-6,6e circonscription,,,@,@,@,@,@,@
Pays de la Loire,,,,,44,Loire-Atlantique,,44-7,7e circonscription,,,@,@,@,@,@,@
Pays de la Loire,47.31842,-2.07506,Union Populaire de Donges,https://twitter.com/UnionPopDonges,44,Loire-Atlantique,,44-8,8e circonscription,,,@,@,@,@,@,@
Pays de la Loire,,,,,44,Loire-Atlantique,,44-9,9e circonscription,,,@,@,@,@,@,@
Pays de la Loire,,,,,44,Loire-Atlantique,,44-10,10e circonscription,,,@,@,@,@,@,@
Pays de la Loire,,,,,49,Maine-et-Loire,,49-1,1ère circonscription,,,@,@,@,@,@,@
Pays de la Loire,,,,,49,Maine-et-Loire,,49-2,2e circonscription,,,@,@,@,@,@,@
Pays de la Loire,,,,,49,Maine-et-Loire,,49-3,3e circonscription,,,@,@,@,@,@,@
Pays de la Loire,,,,,49,Maine-et-Loire,,49-4,4e circonscription,,,@,@,@,@,@,@
Pays de la Loire,,,,,49,Maine-et-Loire,,49-5,5e circonscription,,,@,@,@,@,@,@
Pays de la Loire,,,,,49,Maine-et-Loire,,49-6,6e circonscription,,,@,@,@,@,@,@
Pays de la Loire,,,,,49,Maine-et-Loire,,49-7,7e circonscription,,,@,@,@,@,@,@
Pays de la Loire,,,,,53,Mayenne,,53-1,1ère circonscription,,,@,@,@,@,@,@
Pays de la Loire,,,,,53,Mayenne,,53-2,2e circonscription,,,@,@,@,@,@,@
Pays de la Loire,,,,,53,Mayenne,,53-3,3e circonscription,,,@,@,@,@,@,@
Pays de la Loire,,,,,72,Sarthe,,72-1,1ère circonscription,,,@,@,@,@,@,@
Pays de la Loire,,,,,72,Sarthe,,72-2,2e circonscription,,,@,@,@,@,@,@
Pays de la Loire,,,,,72,Sarthe,,72-3,3e circonscription,,,@,@,@,@,@,@
Pays de la Loire,,,,,72,Sarthe,,72-4,4e circonscription,,,@,@,@,@,@,@
Pays de la Loire,,,,,72,Sarthe,,72-5,5e circonscription,,,@,@,@,@,@,@
Pays de la Loire,,,,,85,Vendée,,85-1,1ère circonscription,,,@,@,@,@,@,@
Pays de la Loire,46.6938,-1.3531,Union Populaire 85,https://twitter.com/unionpop_85_22,85,Vendée,,85-2,2e circonscription,,,@,@,@,@,@,@
Pays de la Loire,,,,,85,Vendée,,85-3,3e circonscription,,,@,@,@,@,@,@
Pays de la Loire,,,,,85,Vendée,,85-4,4e circonscription,,,@,@,@,@,@,@
Pays de la Loire,,,,,85,Vendée,,85-5,5e circonscription,,,@,@,@,@,@,@
Provence-Alpes-Côte d'Azur,,,région Provence-Alpes-Côte d'Azur ,,,,,,région,,,,,,,,
Provence-Alpes-Côte d'Azur,,,,,4,Alpes-de-Haute-Provence,,4-1,1ère circonscription,,,@,@,@,@,@,@
Provence-Alpes-Côte d'Azur,,,,,4,Alpes-de-Haute-Provence,,4-2,2e circonscription,,,@,@,@,@,@,@
Provence-Alpes-Côte d'Azur,,,,,5,Hautes-Alpes,,5-1,1ère circonscription,,,@,@,@,@,@,@
Provence-Alpes-Côte d'Azur,,,,,5,Hautes-Alpes,,5-2,2e circonscription,,,@,@,@,@,@,@
Provence-Alpes-Côte d'Azur,,,,,6,Alpes-Maritimes,,6-1,1ère circonscription,,,@,@,@,@,@,@
Provence-Alpes-Côte d'Azur,,,,,6,Alpes-Maritimes,,6-2,2e circonscription,,,@,@,@,@,@,@
Provence-Alpes-Côte d'Azur,,,,,6,Alpes-Maritimes,,6-3,3e circonscription,,,@,@,@,@,@,@
Provence-Alpes-Côte d'Azur,,,,,6,Alpes-Maritimes,,6-4,4e circonscription,,,@,@,@,@,@,@
Provence-Alpes-Côte d'Azur,,,,,6,Alpes-Maritimes,,6-5,5e circonscription,,,@,@,@,@,@,@
Provence-Alpes-Côte d'Azur,,,,,6,Alpes-Maritimes,,6-6,6e circonscription,,,@,@,@,@,@,@
Provence-Alpes-Côte d'Azur,,,,,6,Alpes-Maritimes,,6-7,7e circonscription,,,@,@,@,@,@,@
Provence-Alpes-Côte d'Azur,,,,,6,Alpes-Maritimes,,6-8,8e circonscription,,,@,@,@,@,@,@
Provence-Alpes-Côte d'Azur,,,,,6,Alpes-Maritimes,,6-9,9e circonscription,,,@,@,@,@,@,@
Provence-Alpes-Côte d'Azur,,,,,13,Bouches-du-Rhône,,13-1,1ère circonscription,,,@,@,@,@,@,@
Provence-Alpes-Côte d'Azur,,,,,13,Bouches-du-Rhône,,13-2,2e circonscription,,,@,@,@,@,@,@
Provence-Alpes-Côte d'Azur,,,,,13,Bouches-du-Rhône,,13-3,3e circonscription,,,@,@,@,@,@,@
Provence-Alpes-Côte d'Azur,,,,,13,Bouches-du-Rhône,,13-4,4e circonscription,,,@,@,@,@,@,@
Provence-Alpes-Côte d'Azur,,,,,13,Bouches-du-Rhône,,13-5,5e circonscription,,,@,@,@,@,@,@
Provence-Alpes-Côte d'Azur,,,,,13,Bouches-du-Rhône,,13-6,6e circonscription,,,@,@,@,@,@,@
Provence-Alpes-Côte d'Azur,,,,,13,Bouches-du-Rhône,,13-7,7e circonscription,,,@,@,@,@,@,@
Provence-Alpes-Côte d'Azur,,,,,13,Bouches-du-Rhône,,13-8,8e circonscription,,,@,@,@,@,@,@
Provence-Alpes-Côte d'Azur,,,,,13,Bouches-du-Rhône,,13-9,9e circonscription,,,@,@,@,@,@,@
Provence-Alpes-Côte d'Azur,,,,,13,Bouches-du-Rhône,,13-10,10e circonscription,,,@,@,@,@,@,@
Provence-Alpes-Côte d'Azur,,,,,13,Bouches-du-Rhône,,13-11,11e circonscription,,,@,@,@,@,@,@
Provence-Alpes-Côte d'Azur,,,,,13,Bouches-du-Rhône,,13-12,12e circonscription,,,@,@,@,@,@,@
Provence-Alpes-Côte d'Azur,,,,,13,Bouches-du-Rhône,,13-13,13e circonscription,,,@,@,@,@,@,@
Provence-Alpes-Côte d'Azur,,,,,13,Bouches-du-Rhône,,13-14,14e circonscription,,,@,@,@,@,@,@
Provence-Alpes-Côte d'Azur,,,,,13,Bouches-du-Rhône,,13-15,15e circonscription,,,@,@,@,@,@,@
Provence-Alpes-Côte d'Azur,,,,,13,Bouches-du-Rhône,,13-16,16e circonscription,,,@,@,@,@,@,@
Provence-Alpes-Côte d'Azur,,,,,83,Var,,83-1,1ère circonscription,,,@,@,@,@,@,@
Provence-Alpes-Côte d'Azur,,,,,83,Var,,83-2,2e circonscription,,,@,@,@,@,@,@
Provence-Alpes-Côte d'Azur,,,,,83,Var,,83-3,3e circonscription,,,@,@,@,@,@,@
Provence-Alpes-Côte d'Azur,,,,,83,Var,,83-4,4e circonscription,,,@,@,@,@,@,@
Provence-Alpes-Côte d'Azur,,,,,83,Var,,83-5,5e circonscription,,,@,@,@,@,@,@
Provence-Alpes-Côte d'Azur,,,,,83,Var,,83-6,6e circonscription,,,@,@,@,@,@,@
Provence-Alpes-Côte d'Azur,,,,,83,Var,,83-7,7e circonscription,,,@,@,@,@,@,@
Provence-Alpes-Côte d'Azur,,,,,83,Var,,83-8,8e circonscription,,,@,@,@,@,@,@
Provence-Alpes-Côte d'Azur,,,,,84,Vaucluse,,84-1,1ère circonscription,,,@,@,@,@,@,@
Provence-Alpes-Côte d'Azur,,,,,84,Vaucluse,,84-2,2e circonscription,,,@,@,@,@,@,@
Provence-Alpes-Côte d'Azur,,,,,84,Vaucluse,,84-3,3e circonscription,,,@,@,@,@,@,@
Provence-Alpes-Côte d'Azur,,,,,84,Vaucluse,,84-4,4e circonscription,,,@,@,@,@,@,@
Provence-Alpes-Côte d'Azur,,,,,84,Vaucluse,,84-5,5e circonscription,,,@,@,@,@,@,@
Guadeloupe,,,région Guadeloupe,,,,,,région,,,,,,,,
Guadeloupe,,,,,971,Guadeloupe,,971-1,1ère circonscription,,,@,@,@,@,@,@
Guadeloupe,,,,,971,Guadeloupe,,971-2,2e circonscription,,,@,@,@,@,@,@
Guadeloupe,,,,,971,Guadeloupe,,971-3,3e circonscription,,,@,@,@,@,@,@
Guadeloupe,,,,,971,Guadeloupe,,971-4,4e circonscription,,,@,@,@,@,@,@
Guyane,,,région Guyane,,,,,,région,,,,,,,,
Guyane,,,,,973,Guyane,,973-1,1ère circonscription,,,@,@,@,@,@,@
Guyane,,,,,973,Guyane,,973-2,2e circonscription,,,@,@,@,@,@,@
Martinique,,,région Martinique,,,,,,région,,,,,,,,
Martinique,,,,,972,Martinique,,972-1,1ère circonscription,,,@,@,@,@,@,@
Martinique,,,,,972,Martinique,,972-2,2e circonscription,,,@,@,@,@,@,@
Martinique,,,,,972,Martinique,,972-3,3e circonscription,,,@,@,@,@,@,@
Martinique,,,,,972,Martinique,,972-4,4e circonscription,,,@,@,@,@,@,@
La Réunion,,,région La Réunion,,,,,,région,,,,,,,,
La Réunion,,,,,974,La Réunion,,974-1,1ère circonscription,,,@,@,@,@,@,@
La Réunion,,,,,974,La Réunion,,974-2,2e circonscription,,,@,@,@,@,@,@
La Réunion,,,,,974,La Réunion,,974-3,3e circonscription,,,@,@,@,@,@,@
La Réunion,,,,,974,La Réunion,,974-4,4e circonscription,,,@,@,@,@,@,@
La Réunion,,,,,974,La Réunion,,974-5,5e circonscription,,,@,@,@,@,@,@
La Réunion,,,,,974,La Réunion,,974-6,6e circonscription,,,@,@,@,@,@,@
La Réunion,,,,,974,La Réunion,,974-7,7e circonscription,,,@,@,@,@,@,@
Mayotte,,,région Mayotte,,,,,,région,,,,,,,,
Mayotte,,,,,976,Mayotte,,976-1,1ère circonscription,,,@,@,@,@,@,@
Mayotte,,,,,976,Mayotte,,976-2,2e circonscription,,,@,@,@,@,@,@
Polynésie Française,,,région Polynésie Française,,,,,,région,,,,,,,,
Polynésie Française,,,,,987,Polynésie Française,,987-1,1ère circonscription,,,@,,,,,
Polynésie Française,,,,,987,Polynésie Française,,987-2,2e circonscription,,,@,,,,,
Polynésie Française,,,,,987,Polynésie Française,,987-3,3e circonscription,,,@,,,,,
Saint-Barthélémy,,,région Saint-Barthélémy,,,,,,région,,,,,,,,
Saint-Barthélémy,,,,,977,Saint-Barthélémy,,977,1ère circonscription,,,@,,,,,
Saint-Martin,,,région Saint-Martin,,,,,,région,,,,,,,,
Saint-Martin,,,,,978,Saint-Martin,,978-1,1ère circonscription,,,,,,,,
Saint-Pierre-et-Miquelon,,,région Saint-Pierre-et-Miquelon,,,,,,région,,,,,,,,
Saint-Pierre-et-Miquelon,,,,,975,Saint-Pierre-et-Miquelon,,975-1,1ère circonscription,,,@,,,,,
Wallis-et-Futuna,,,région Wallis-et-Futuna,,,,,,région,,,,,,,,
Wallis-et-Futuna,,,,,986,Wallis-et-Futuna,,986-1,1ère circonscription,,,@,,,,,
Nouvelle-Calédonie,,,région Nouvelle-Calédonie,,,,,,région,,,,,,,,
Nouvelle-Calédonie,,,,,988,Nouvelle-Calédonie,,988-1,1ère circonscription,,,@,,,,,
Nouvelle-Calédonie,,,,,988,Nouvelle-Calédonie,,988-2,2e circonscription,,,@,,,,,
Ile Clipperton,,,région Ile Clipperton,,,,,,région,,,,,,,,
Ile Clipperton,,,,,,Ile Clipperton,,,,,,,,,,,
Terres australes et antarctiques françaises,,,région Terres australes et antarctiques françaises,,,,,,région,,,,,,,,
Terres australes et antarctiques françaises,,,,,,Terres australes et antarctiques françaises,,,,,,,,,,,
Français de l'étranger,,,région Français de l'étranger ,,,,,,région,,,,,,,,
Français de l'étranger,,,,,999,Français de l'étranger,,999-1,1ère circonscription,,,@,,,,,
Français de l'étranger,,,,,999,Français de l'étranger,,999-2,2e circonscription,,,@,,,,,
Français de l'étranger,,,,,999,Français de l'étranger,,999-3,3e circonscription,,,@,,,,,
Français de l'étranger,,,,,999,Français de l'étranger,,999-4,4e circonscription,,,@,,,,,
Français de l'étranger,,,,,999,Français de l'étranger,,999-5,5e circonscription,,,@,,,,,
Français de l'étranger,,,,,999,Français de l'étranger,,999-6,6e circonscription,,,@,,,,,
Français de l'étranger,,,,,999,Français de l'étranger,,999-7,7e circonscription,,,@,,,,,
Français de l'étranger,,,,,999,Français de l'étranger,,999-8,8e circonscription,,,@,,,,,
Français de l'étranger,,,,,999,Français de l'étranger,,999-9,9e circonscription,,,@,,,,,
Français de l'étranger,,,,,999,Français de l'étranger,,999-10,10e circonscription,,,@,,,,,
Français de l'étranger,,,,,999,Français de l'étranger,,999-11,11e circonscription,,,@,,,,,
Europe du Nord,51.7112,0.4347,Union Populaire - Royaume-Uni/Irlande/Europe Nord,https://twitter.com/UPEuropeduNord,,,,,région,,,@,@,@,@,@,@
Argentine,-34.58939,-58.45800,Buenos Aire,https://twitter.com/FI_Argentine,,,,,région,,,@,@,@,@,@,@
